taxon	comparison	lfc	p_value	q_value	significant	direction
d__Bacteria;p__Bacillota;c__Clostridia;o__Lachnospirales;f__Lachnospiraceae;__	7d_vs_before	5.521616594232524	1.0755558018798908e-163	1.2153780561242766e-161	True	increased
d__Bacteria;p__Bacillota;c__Clostridia;o__Lachnospirales;f__Lachnospiraceae;g__Blautia	7d_vs_before	5.477057942891775	8.491380586523993e-91	4.797630031386057e-89	True	increased
d__Bacteria;p__Bacillota;c__Clostridia;o__Lachnospirales;f__Lachnospiraceae;g__Dorea	7d_vs_before	4.557836936416125	1.5044626226143874e-81	5.666809211847525e-80	True	increased
d__Bacteria;p__Pseudomonadota;c__Gammaproteobacteria;o__Enterobacterales;f__Enterobacteriaceae;__	7d_vs_before	-6.802356863344868	1.0622248149224874e-78	3.000785102156027e-77	True	decreased
d__Bacteria;p__Bacteroidota;c__Bacteroidia;o__Bacteroidales;f__Bacteroidaceae;g__Bacteroides	7d_vs_before	5.614182243178607	2.7532858305337163e-63	6.222425977006199e-62	True	increased
d__Bacteria;p__Bacillota;c__Clostridia;o__Lachnospirales;f__Lachnospiraceae;g__Mediterraneibacter	7d_vs_before	3.683853535913945	3.5178276400766883e-48	6.625242055477762e-47	True	increased
d__Bacteria;p__Bacillota;c__Bacilli;o__Lactobacillales;f__Lactobacillaceae;g__Lacticaseibacillus	7d_vs_before	-4.541575544216471	4.953599242701456e-41	7.996524491789492e-40	True	decreased
d__Bacteria;p__Bacillota;c__Clostridia;o__Oscillospirales;f__Ruminococcaceae;g__Acutalibacter	7d_vs_before	2.822867284581956	1.6238058516849362e-38	2.2936257655049723e-37	True	increased
d__Bacteria;p__Bacillota;c__Bacilli;o__Lactobacillales;f__Lactobacillaceae;g__Lactiplantibacillus	7d_vs_before	-3.850688739460774	8.264229455380237e-36	1.0376199205088522e-34	True	decreased
d__Bacteria;p__Bacillota;c__Negativicutes;o__Veillonellales-Selenomonadales;f__Veillonellaceae;g__Veillonella	7d_vs_before	-4.192054122200684	2.853363928450276e-35	3.224301239148812e-34	True	decreased
d__Bacteria;p__Bacillota;c__Clostridia;o__Lachnospirales;f__Lachnospiraceae;g__Anaerostipes	7d_vs_before	3.5272472394730348	2.176566006388462e-31	2.2359268974717843e-30	True	increased
d__Bacteria;p__Bacillota;c__Clostridia;o__Monoglobales;f__Monoglobaceae;g__Monoglobus	7d_vs_before	2.500893596843348	4.902968271741953e-28	4.616961789223672e-27	True	increased
d__Bacteria;p__Bacillota;c__Clostridia;o__Oscillospirales;f__Ruminococcaceae;g__Faecalibacterium	7d_vs_before	3.4074504402370995	7.597771383006322e-28	6.60421666369011e-27	True	increased
d__Bacteria;p__Actinomycetota;c__Actinobacteria;o__Bifidobacteriales;f__Bifidobacteriaceae;g__Bifidobacterium	7d_vs_before	3.769585868515213	2.446560153499214e-24	1.974723552467223e-23	True	increased
d__Bacteria;p__Actinomycetota;c__Coriobacteriia;o__Coriobacteriales;f__Coriobacteriaceae;g__Collinsella	7d_vs_before	2.5319323680021903	7.873010746032031e-24	5.931001428677462e-23	True	increased
d__Bacteria;p__Bacillota;c__Clostridia;o__Oscillospirales;f__Ruminococcaceae;g__Ruthenibacterium	7d_vs_before	2.261443354673436	1.8678193409833328e-22	1.319147409569479e-21	True	increased
d__Bacteria;p__Bacillota;c__Clostridia;o__Lachnospirales;f__Lachnospiraceae;g__Agathobacter	7d_vs_before	3.0936183610355306	3.57405264417698e-22	2.375693816423522e-21	True	increased
d__Bacteria;p__Bacillota;c__Clostridia;o__Oscillospirales;f__Butyricicoccaceae;g__Agathobaculum	7d_vs_before	2.068223647636661	1.9999736844747158e-19	1.2555390352535712e-18	True	increased
d__Bacteria;p__Bacillota;c__Clostridia;o__Lachnospirales;f__Lachnospiraceae;g__Anaerobutyricum	7d_vs_before	3.1315356773179026	1.1846565600422588e-18	7.045589014988172e-18	True	increased
d__Bacteria;p__Bacillota;c__Clostridia;o__Oscillospirales;f__Ruminococcaceae;g__Gemmiger	7d_vs_before	2.68463422633167	6.028538674983012e-17	3.406124351365401e-16	True	increased
d__Bacteria;p__Bacillota;c__Bacilli;o__Erysipelotrichales;f__Erysipelatoclostridiaceae;g__Erysipelotrichaceae_UCG-003	7d_vs_before	2.3020930018545567	6.765575675040519e-17	3.6405240537122796e-16	True	increased
d__Bacteria;p__Bacillota;c__Clostridia;o__Oscillospirales;f__[Eubacterium]_coprostanoligenes_group;g__Incertae_Sedis	7d_vs_before	2.237643035092012	1.6064438019620135e-16	8.251279528259435e-16	True	increased
d__Bacteria;p__Bacillota;c__Clostridia;o__Lachnospirales;f__Lachnospiraceae;g__Coprococcus	7d_vs_before	2.5161656024228387	1.7587791236084752e-16	8.640958302945987e-16	True	increased
d__Bacteria;p__Bacillota;c__Clostridia;o__Lachnospirales;f__Lachnospiraceae;g__Fusicatenibacter	7d_vs_before	2.7126186785290427	5.69365145066905e-16	2.680760891356677e-15	True	increased
d__Bacteria;p__Bacillota;c__Bacilli;o__Lactobacillales;f__Lactobacillaceae;g__Ligilactobacillus	7d_vs_before	-2.8962024900853813	2.253689651267939e-14	1.0186677223731085e-13	True	decreased
d__Bacteria;p__Bacteroidota;c__Bacteroidia;o__Bacteroidales;f__Rikenellaceae;g__Alistipes	7d_vs_before	2.065714891127499	2.560999183268216e-14	1.1130496450358013e-13	True	increased
d__Bacteria;p__Bacillota;c__Negativicutes;o__Veillonellales-Selenomonadales;f__Veillonellaceae;g__Megasphaera	7d_vs_before	-2.0269995250798374	3.533034311568049e-14	1.478640285952554e-13	True	decreased
d__Bacteria;p__Bacillota;c__Clostridia;o__Oscillospirales;f__Oscillospiraceae;g__Oscillibacter	7d_vs_before	1.5706952114127546	4.918467288828245e-13	1.984952870134256e-12	True	increased
d__Bacteria;p__Bacillota;c__Clostridia;o__Lachnospirales;f__Lachnospiraceae;g__Roseburia	7d_vs_before	1.87933604377496	6.523711037143777e-13	2.5419977489560235e-12	True	increased
d__Bacteria;p__Bacillota;c__Clostridia;o__Peptostreptococcales-Tissierellales;f__Peptostreptococcaceae;g__Romboutsia	7d_vs_before	2.0514694528564696	1.6077299119685268e-12	6.055782668414784e-12	True	increased
d__Bacteria;p__Bacillota;c__Clostridia;o__Lachnospirales;f__Lachnospiraceae;g__[Ruminococcus]_gauvreauii_group	7d_vs_before	2.132525256456338	2.2272931945107124e-12	8.118842934829371e-12	True	increased
d__Bacteria;p__Bacillota;c__Clostridia;o__Oscillospirales;f__Oscillospiraceae;g__NK4A214_group	7d_vs_before	1.5225885082954544	4.128098427922492e-12	1.45773475736013e-11	True	increased
d__Bacteria;p__Bacillota;c__Clostridia;o__Oscillospirales;f__Oscillospiraceae;g__UCG-002	7d_vs_before	1.7501939119782426	4.6220756065820776e-12	1.5827107380114387e-11	True	increased
d__Bacteria;p__Bacillota;c__Bacilli;o__Lactobacillales;f__Lactobacillaceae;g__Pediococcus	7d_vs_before	-1.909226533735949	1.0244523917178098e-11	3.4047976548268386e-11	True	decreased
d__Bacteria;p__Bacillota;c__Bacilli;o__Lactobacillales;f__Streptococcaceae;g__Lactococcus	7d_vs_before	-1.328026311394312	5.490867752835479e-11	1.7727658744868829e-10	True	decreased
d__Bacteria;p__Bacillota;c__Clostridia;o__Clostridiales;f__Clostridiaceae;g__Clostridium	7d_vs_before	2.0323717755556414	1.2066732449792655e-09	3.787613241184916e-09	True	increased
d__Bacteria;p__Bacillota;c__Clostridia;o__Peptostreptococcales-Tissierellales;f__Peptostreptococcaceae;g__Intestinibacter	7d_vs_before	1.7668835095037965	7.979087323153043e-09	2.3969279816199397e-08	True	increased
d__Bacteria;p__Bacteroidota;c__Bacteroidia;o__Bacteroidales;f__Tannerellaceae;g__Parabacteroides	7d_vs_before	1.5583256641077314	8.06046577889891e-09	2.3969279816199397e-08	True	increased
d__Bacteria;p__Pseudomonadota;c__Gammaproteobacteria;o__Enterobacterales;f__Morganellaceae;g__Proteus	7d_vs_before	-1.405163596418796	1.1261899227522974e-08	3.2630631095130675e-08	True	decreased
d__Bacteria;p__Verrucomicrobiota;c__Verrucomicrobiia;o__Verrucomicrobiales;f__Akkermansiaceae;g__Akkermansia	7d_vs_before	2.6749254437171213	1.7158286832767247e-08	4.8472160302567485e-08	True	increased
d__Bacteria;p__Bacillota;c__Clostridia;o__Lachnospirales;f__Lachnospiraceae;g__[Ruminococcus]_gnavus_group	7d_vs_before	1.6835849450217797	4.106326559542876e-08	1.1317436615325488e-07	True	increased
d__Bacteria;p__Bacillota;c__Clostridia;o__Peptostreptococcales-Tissierellales;f__Anaerovoracaceae;g__Family_XIII_AD3011_group	7d_vs_before	1.0653318653050283	1.5376587663069404e-06	4.137034299825816e-06	True	increased
d__Bacteria;p__Pseudomonadota;c__Gammaproteobacteria;o__Enterobacterales;f__Enterobacteriaceae;g__Escherichia-Shigella	7d_vs_before	-1.9499242509917225	5.387023726692387e-06	1.4156597235261388e-05	True	decreased
d__Bacteria;p__Bacillota;c__Clostridia;o__Lachnospirales;f__Lachnospiraceae;g__Faecalimonas	7d_vs_before	1.3556011838104678	6.495387164644618e-06	1.668133521829186e-05	True	increased
d__Bacteria;p__Bacillota;c__Clostridia;o__Oscillospirales;f__Ruminococcaceae;g__Ruminococcus	7d_vs_before	1.1925998993681797	7.471610600436963e-06	1.8762044396652815e-05	True	increased
d__Bacteria;p__Fusobacteriota;c__Fusobacteriia;o__Fusobacteriales;f__Fusobacteriaceae;g__Fusobacterium	7d_vs_before	-1.5136729525858228	8.690073290906406e-06	2.1347353953748344e-05	True	decreased
d__Bacteria;p__Actinomycetota;c__Coriobacteriia;o__Coriobacteriales;f__Eggerthellaceae;g__Eggerthella	7d_vs_before	0.9042040377785296	1.2853254160736664e-05	3.0902504684324324e-05	True	increased
d__Bacteria;p__Bacillota;c__Bacilli;o__Erysipelotrichales;f__Erysipelatoclostridiaceae;g__Thomasclavelia	7d_vs_before	1.3100115007072255	1.409858317462718e-05	3.319041455693482e-05	True	increased
d__Bacteria;p__Bacillota;c__Clostridia;o__Oscillospirales;f__Oscillospiraceae;g__Flavonifractor	7d_vs_before	1.0621642632186616	1.9569188391902845e-05	4.512894465887799e-05	True	increased
d__Bacteria;p__Bacillota;c__Negativicutes;o__Acidaminococcales;f__Acidaminococcaceae;g__Acidaminococcus	7d_vs_before	-0.9812824497464812	2.4807488808645712e-05	5.60649247075393e-05	True	decreased
d__Bacteria;p__Bacillota;c__Bacilli;o__Lactobacillales;f__Enterococcaceae;__	7d_vs_before	-1.1643838009306224	6.116442002626775e-05	0.00013552116594055404	True	decreased
d__Bacteria;p__Bacillota;c__Clostridia;o__Oscillospirales;f__Oscillospiraceae;__	7d_vs_before	0.9291544722271472	6.54898856878476e-05	0.00014231455928320728	True	increased
d__Bacteria;p__Bacillota;c__Clostridia;o__Lachnospirales;f__Lachnospiraceae;g__Enterocloster	7d_vs_before	1.1813115543684876	0.00010442515632321596	0.00022264231442496992	True	increased
d__Bacteria;p__Bacillota;c__Clostridia;o__Lachnospirales;f__Lachnospiraceae;g__[Eubacterium]_ventriosum_group	7d_vs_before	0.7147714450873747	0.00010825925488545428	0.00022654251485289509	True	increased
d__Bacteria;p__Bacillota;c__Negativicutes;o__Acidaminococcales;f__Acidaminococcaceae;g__Phascolarctobacterium	7d_vs_before	0.9848677762915192	0.0001922612281257105	0.0003950094323310053	True	increased
d__Bacteria;p__Bacillota;c__Clostridia;o__Oscillospirales;f__Ruminococcaceae;g__CAG-352	7d_vs_before	1.3001809587530686	0.00029082010234570294	0.0005868334208047219	True	increased
d__Bacteria;p__Actinomycetota;c__Actinobacteria;o__Actinomycetales;f__Actinomycetaceae;g__Schaalia	7d_vs_before	-0.6894262674560737	0.0003765466408478221	0.0007464872002772615	True	decreased
d__Bacteria;p__Bacillota;c__Clostridia;o__Lachnospirales;f__Lachnospiraceae;g__Lachnospiraceae_UCG-010	7d_vs_before	0.8142876760480436	0.000954755255743358	0.0018601266189482	True	increased
d__Bacteria;p__Bacillota;c__Bacilli;o__Lactobacillales;f__Lactobacillaceae;g__Limosilactobacillus	7d_vs_before	-0.6789163841814948	0.0009843334884586908	0.0018852488846751	True	decreased
d__Bacteria;p__Bacillota;c__Clostridia;o__Lachnospirales;f__Lachnospiraceae;g__Sellimonas	7d_vs_before	0.7349011844756429	0.0010792895599574	0.0020326620045865	True	increased
d__Bacteria;p__Bacillota;c__Clostridia;o__Christensenellales;f__Christensenellaceae;g__Christensenellaceae_R-7_group	7d_vs_before	0.710822509848334	0.0017053723100716	0.0031591323121	True	increased
d__Bacteria;p__Actinomycetota;c__Actinobacteria;o__Micrococcales;f__Micrococcaceae;g__Rothia	7d_vs_before	-0.3761487681722902	0.0020480453601283	0.0037327278337823	True	decreased
d__Bacteria;p__Bacillota;c__Clostridia;o__Oscillospirales;f__Ruminococcaceae;__	7d_vs_before	0.7589032894242823	0.0020861157369794	0.0037417631472805	True	increased
d__Bacteria;p__Bacillota;c__Bacilli;o__Erysipelotrichales;f__Erysipelotrichaceae;g__Turicibacter	7d_vs_before	0.7782893933247158	0.0022700410975218	0.004008041312812	True	increased
d__Bacteria;p__Bacillota;c__Bacilli;o__Lactobacillales;f__Lactobacillaceae;g__Lactobacillus	7d_vs_before	-0.5767046930855997	0.0024015494207449	0.0041750013006796	True	decreased
d__Bacteria;p__Bacillota;c__Clostridia;o__Lachnospirales;f__Lachnospiraceae;g__Extibacter	7d_vs_before	0.7484452748363982	0.002748142974102	0.0047051538799019	True	increased
d__Bacteria;p__Thermodesulfobacteriota;c__Desulfovibrionia;o__Desulfovibrionales;f__Desulfovibrionaceae;g__Desulfovibrio	7d_vs_before	-0.5881425884876794	0.0050887227734952	0.0085824727373874	True	decreased
d__Bacteria;p__Bacillota;c__Bacilli;o__Erysipelotrichales;f__Erysipelotrichaceae;g__Holdemania	7d_vs_before	0.4139360168700495	0.0069734199075023	0.0115881830815848	True	increased
d__Bacteria;p__Actinomycetota;c__Coriobacteriia;o__Coriobacteriales;f__Eggerthellaceae;g__Gordonibacter	7d_vs_before	-0.2546828341801215	0.0084854728323918	0.0138964989863809	True	decreased
d__Bacteria;p__Cyanobacteriota;c__Cyanobacteriia;o__Chloroplast;f__Incertae_Sedis;g__Incertae_Sedis	7d_vs_before	-0.4134483253216632	0.0147507155910522	0.0238118694541272	True	decreased
d__Bacteria;p__Bacillota;c__Clostridia;o__Oscillospirales;f__Ruminococcaceae;g__DTU089	7d_vs_before	0.4215724961557003	0.0232138978198256	0.036946062727328	True	increased
d__Bacteria;p__Thermodesulfobacteriota;c__Desulfovibrionia;o__Desulfovibrionales;f__Desulfovibrionaceae;g__Bilophila	7d_vs_before	0.6162037829239765	0.026779681833897	0.0420292228781995	True	increased
d__Bacteria;p__Bacillota;c__Clostridia;o__Lachnospirales;f__Lachnospiraceae;g__Lachnospiraceae_ND3007_group	7d_vs_before	0.4298890212043691	0.0296979725475804	0.0459708342174876	True	increased
d__Bacteria;p__Bacillota;c__Clostridia;o__Lachnospirales;f__Lachnospiraceae;g__Lachnospiraceae_FCS020_group	7d_vs_before	0.3583911507145533	0.0556235657438125	0.0849386882304165	False	increased
d__Bacteria;p__Bacillota;c__Bacilli;o__Erysipelotrichales;f__Erysipelotrichaceae;g__[Clostridium]_innocuum_group	7d_vs_before	0.497607613866513	0.0667124125045723	0.1005133681735557	False	increased
d__Bacteria;p__Bacillota;c__Clostridia;o__Eubacteriales;f__Eubacteriaceae;g__Eubacterium	7d_vs_before	0.3006447923981975	0.0742823358000118	0.1104461045447545	False	increased
d__Bacteria;p__Actinomycetota;c__Coriobacteriia;o__Coriobacteriales;f__Eggerthellaceae;g__Senegalimassilia	7d_vs_before	-0.1935852035897345	0.1087651554380647	0.1596163969415756	False	decreased
d__Bacteria;p__Bacillota;c__Clostridia;o__Peptostreptococcales-Tissierellales;f__Anaerovoracaceae;__	7d_vs_before	0.2827740723595557	0.1139878274146546	0.165136211510974	False	increased
d__Bacteria;p__Bacillota;c__Clostridia;o__Oscillospirales;f__Ruminococcaceae;g__Incertae_Sedis	7d_vs_before	0.2515829949582467	0.1158179064063592	0.1656635876445391	False	increased
d__Bacteria;p__Bacillota;c__Clostridia;o__Lachnospirales;f__Lachnospiraceae;g__Lachnospira	7d_vs_before	0.2681129651774308	0.1452528053482928	0.2051695875544636	False	increased
d__Bacteria;p__Actinomycetota;c__Coriobacteriia;o__Coriobacteriales;f__Eggerthellaceae;g__Incertae_Sedis	7d_vs_before	-0.1794588453243204	0.1497191536185885	0.2088674612209938	False	decreased
d__Bacteria;p__Bacillota;c__Clostridia;o__Oscillospirales;f__Oscillospiraceae;g__Intestinimonas	7d_vs_before	0.291551166545989	0.1576916381264333	0.2172009419991882	False	increased
d__Bacteria;p__Bacillota;c__Clostridia;o__Lachnospirales;f__Lachnospiraceae;g__Lachnoclostridium	7d_vs_before	-0.2371095246272196	0.1595369750967488	0.2172009419991882	False	decreased
d__Bacteria;p__Bacillota;c__Clostridia;o__Lachnospirales;f__Lachnospiraceae;g__GCA-900066575	7d_vs_before	-0.1911157014069199	0.1754367705920277	0.236004227105942	False	decreased
d__Bacteria;p__Bacillota;c__Clostridia;o__Peptostreptococcales-Tissierellales;f__Anaerovoracaceae;g__[Eubacterium]_brachy_group	7d_vs_before	0.2025692128221364	0.1815716702213957	0.2413835145296201	False	increased
d__Bacteria;p__Pseudomonadota;c__Gammaproteobacteria;o__Burkholderiales;f__Sutterellaceae;g__Sutterella	7d_vs_before	-0.2936482494462096	0.1949652284424896	0.2557241210731663	False	decreased
d__Bacteria;p__Bacillota;c__Clostridia;o__Lachnospirales;f__Lachnospiraceae;g__Lactonifactor	7d_vs_before	-0.1720783757653241	0.1975948126595831	0.2557241210731663	False	decreased
d__Bacteria;p__Bacillota;c__Clostridia;o__Peptostreptococcales-Tissierellales;f__Peptostreptococcaceae;g__Terrisporobacter	7d_vs_before	0.3126104641331022	0.1991479880923773	0.2557241210731663	False	increased
d__Bacteria;p__Bacillota;c__Clostridia;o__Lachnospirales;f__Lachnospiraceae;g__[Eubacterium]_eligens_group	7d_vs_before	0.1641999509889395	0.2627941150928566	0.3336599438819416	False	increased
d__Bacteria;p__Bacillota;c__Clostridia;o__Lachnospirales;f__Lachnospiraceae;g__Hungatella	7d_vs_before	0.2012257737184487	0.2962980897721547	0.3720187127139275	False	increased
d__Bacteria;p__Bacillota;c__Clostridia;o__Lachnospirales;f__Lachnospiraceae;g__Eisenbergiella	7d_vs_before	-0.1827761285094634	0.3247796304081725	0.3994100599025754	False	decreased
d__Bacteria;p__Bacillota;c__Clostridia;o__Oscillospirales;f__Oscillospiraceae;g__Colidextribacter	7d_vs_before	0.1562096083388103	0.3265030204469397	0.3994100599025754	False	increased
d__Archaea;p__Methanobacteriota;c__Methanobacteria;o__Methanobacteriales;f__Methanobacteriaceae;g__Methanobrevibacter	7d_vs_before	-0.1717047030314366	0.3287180139021196	0.3994100599025754	False	decreased
d__Bacteria;p__Bacillota;c__Bacilli;o__Lactobacillales;f__Lactobacillaceae;__	7d_vs_before	-0.2384609935760707	0.3427888488717348	0.4120759566224046	False	decreased
d__Bacteria;p__Bacillota;c__Clostridia;o__Lachnospirales;f__Lachnospiraceae;g__Lachnospiraceae_UCG-004	7d_vs_before	-0.1142318611898428	0.3623525636562578	0.4310088388753382	False	decreased
d__Bacteria;p__Bacillota;c__Clostridia;o__Oscillospirales;f__Ruminococcaceae;g__Fournierella	7d_vs_before	0.1604797527488086	0.4180708645405843	0.4921042468029794	False	increased
d__Bacteria;p__Bacillota;c__Bacilli;o__Lactobacillales;f__Streptococcaceae;g__Streptococcus	7d_vs_before	-0.212501181787894	0.4664032059301293	0.5433356935062331	False	decreased
d__Bacteria;p__Actinomycetota;c__Coriobacteriia;o__Coriobacteriales;f__Coriobacteriales_Incertae_Sedis;g__Raoultibacter	7d_vs_before	-0.0796887327727127	0.4727272798376788	0.5450834961393645	False	decreased
d__Bacteria;p__Bacteroidota;c__Bacteroidia;o__Bacteroidales;f__Marinifilaceae;g__Odoribacter	7d_vs_before	0.0995019843603226	0.5082783610528772	0.5801561090805568	False	increased
d__Bacteria;p__Bacillota;c__Clostridia;o__Lachnospirales;f__Lachnospiraceae;g__Marvinbryantia	7d_vs_before	0.1064503199890158	0.5159392949746017	0.5830114033212999	False	increased
d__Bacteria;p__Bacillota;c__Clostridia;o__Oscillospirales;f__Oscillospiraceae;g__UCG-005	7d_vs_before	0.0982779308780443	0.5504158491315558	0.6158117916026319	False	increased
d__Bacteria;p__Bacteroidota;c__Bacteroidia;o__Bacteroidales;f__Marinifilaceae;g__Butyricimonas	7d_vs_before	0.072565768450708	0.6044881520968057	0.6696780508523437	False	increased
d__Bacteria;p__Bacillota;c__Clostridia;o__Lachnospirales;f__Lachnospiraceae;g__CAG-56	7d_vs_before	0.0788494800648399	0.6419031672363811	0.7042238630845734	False	increased
d__Bacteria;p__Actinomycetota;c__Coriobacteriia;o__Coriobacteriales;f__Coriobacteriales_Incertae_Sedis;g__Incertae_Sedis	7d_vs_before	0.0745041956300878	0.6614760146293048	0.7187191312799177	False	increased
d__Bacteria;p__Bacillota;c__Clostridia;__;__;__	7d_vs_before	-0.0519234520635984	0.7154296936418663	0.7660606162690962	False	decreased
d__Bacteria;p__Bacillota;c__Negativicutes;o__Veillonellales-Selenomonadales;f__Veillonellaceae;g__Dialister	7d_vs_before	-0.1145924191593287	0.7186055338453468	0.7660606162690962	False	decreased
d__Bacteria;p__Bacillota;c__Clostridia;o__Eubacteriales;f__Anaerofustaceae;g__Anaerofustis	7d_vs_before	-0.0377730146841844	0.7443371711056241	0.786075704064818	False	decreased
d__Bacteria;p__Bacillota;c__Clostridia;o__Lachnospirales;f__Lachnospiraceae;g__Tyzzerella	7d_vs_before	0.039192990201098	0.8176451381631636	0.8554990797447916	False	increased
d__Bacteria;p__Pseudomonadota;c__Gammaproteobacteria;o__Burkholderiales;f__Sutterellaceae;g__Parasutterella	7d_vs_before	0.0613429321182229	0.8662297796394994	0.8980180284336094	False	increased
d__Bacteria;p__Bacillota;c__Bacilli;o__Erysipelotrichales;f__Erysipelotrichaceae;g__Faecalitalea	7d_vs_before	0.0203429565861841	0.917281847751505	0.9422986254174552	False	increased
d__Bacteria;p__Pseudomonadota;c__Gammaproteobacteria;o__Enterobacterales;f__Pasteurellaceae;g__Haemophilus	7d_vs_before	-0.0197544042301716	0.9262469193346056	0.9429360530163102	False	decreased
d__Bacteria;p__Bacillota;c__Clostridia;o__Lachnospirales;f__Lachnospiraceae;g__[Eubacterium]_xylanophilum_group	7d_vs_before	0.0088737550806223	0.9560954695151176	0.9646320362072168	False	increased
d__Bacteria;p__Bacillota;c__Clostridia;o__Lachnospirales;f__Lachnospiraceae;g__Faecalicatena	7d_vs_before	-0.004786226946432	0.9745595378467494	0.9745595378467494	False	decreased
d__Bacteria;p__Bacillota;c__Clostridia;o__Lachnospirales;f__Lachnospiraceae;__	14d_vs_before	5.477351358857896	2.5893619287004715e-176	2.925978979431533e-174	True	increased
d__Bacteria;p__Bacillota;c__Clostridia;o__Lachnospirales;f__Lachnospiraceae;g__Blautia	14d_vs_before	5.863275665467006	5.480424393313632e-118	3.0964397822222023e-116	True	increased
d__Bacteria;p__Pseudomonadota;c__Gammaproteobacteria;o__Enterobacterales;f__Enterobacteriaceae;__	14d_vs_before	-7.796780514949274	4.105360230351619e-114	1.5463523534324432e-112	True	decreased
d__Bacteria;p__Bacillota;c__Clostridia;o__Lachnospirales;f__Lachnospiraceae;g__Dorea	14d_vs_before	4.620895171926122	1.3942543155002281e-94	3.938768441288144e-93	True	increased
d__Bacteria;p__Bacteroidota;c__Bacteroidia;o__Bacteroidales;f__Bacteroidaceae;g__Bacteroides	14d_vs_before	5.660884235237971	5.0473904034683035e-76	1.1407102311838366e-74	True	increased
d__Bacteria;p__Bacillota;c__Clostridia;o__Lachnospirales;f__Lachnospiraceae;g__Anaerostipes	14d_vs_before	4.02996498319073	3.1787967860124174e-53	5.9867339469900525e-52	True	increased
d__Bacteria;p__Bacillota;c__Clostridia;o__Lachnospirales;f__Lachnospiraceae;g__Mediterraneibacter	14d_vs_before	3.5807859082565465	9.33553692593938e-53	1.5070223894730712e-51	True	increased
d__Bacteria;p__Bacillota;c__Clostridia;o__Oscillospirales;f__Ruminococcaceae;g__Acutalibacter	14d_vs_before	3.1115741608948344	2.710462356615283e-50	3.828528078719087e-49	True	increased
d__Bacteria;p__Bacillota;c__Bacilli;o__Lactobacillales;f__Lactobacillaceae;g__Lacticaseibacillus	14d_vs_before	-4.752183942278559	4.861297472778301e-43	6.103629049154979e-42	True	decreased
d__Bacteria;p__Bacillota;c__Negativicutes;o__Veillonellales-Selenomonadales;f__Veillonellaceae;g__Veillonella	14d_vs_before	-4.313256834610933	3.699859362154815e-36	4.1808410792349406e-35	True	decreased
d__Bacteria;p__Bacillota;c__Clostridia;o__Monoglobales;f__Monoglobaceae;g__Monoglobus	14d_vs_before	2.857210079970754	1.0231221919498992e-35	1.0510255244576238e-34	True	increased
d__Bacteria;p__Bacillota;c__Bacilli;o__Lactobacillales;f__Lactobacillaceae;g__Lactiplantibacillus	14d_vs_before	-3.841967453326966	1.6240012341555682e-35	1.5292678288298264e-34	True	decreased
d__Bacteria;p__Bacillota;c__Clostridia;o__Oscillospirales;f__Ruminococcaceae;g__Faecalibacterium	14d_vs_before	3.777376811479858	3.1967393474595966e-35	2.7787042020225727e-34	True	increased
d__Bacteria;p__Bacillota;c__Clostridia;o__Oscillospirales;f__Ruminococcaceae;g__Ruthenibacterium	14d_vs_before	2.670778772565779	4.440859640720637e-33	3.584408138581657e-32	True	increased
d__Bacteria;p__Actinomycetota;c__Coriobacteriia;o__Coriobacteriales;f__Coriobacteriaceae;g__Collinsella	14d_vs_before	2.775388777149985	1.440137633066616e-31	1.0849036835768507e-30	True	increased
d__Bacteria;p__Bacillota;c__Clostridia;o__Oscillospirales;f__[Eubacterium]_coprostanoligenes_group;g__Incertae_Sedis	14d_vs_before	2.95467100467205	5.586317847413328e-29	3.9453369797356636e-28	True	increased
d__Bacteria;p__Bacillota;c__Clostridia;o__Oscillospirales;f__Butyricicoccaceae;g__Agathobaculum	14d_vs_before	2.4292583027480714	4.521511181106036e-28	3.005475079205777e-27	True	increased
d__Bacteria;p__Bacillota;c__Clostridia;o__Lachnospirales;f__Lachnospiraceae;g__Anaerobutyricum	14d_vs_before	3.53133676742006	5.397818137655762e-26	3.3886302753061167e-25	True	increased
d__Bacteria;p__Bacillota;c__Bacilli;o__Erysipelotrichales;f__Erysipelatoclostridiaceae;g__Erysipelotrichaceae_UCG-003	14d_vs_before	2.8067146160726604	1.2739447156788479e-23	7.576618572195253e-23	True	increased
d__Bacteria;p__Bacillota;c__Clostridia;o__Oscillospirales;f__Ruminococcaceae;g__Gemmiger	14d_vs_before	3.078546586755441	1.8880505820816824e-21	1.0667485788761508e-20	True	increased
d__Bacteria;p__Bacillota;c__Clostridia;o__Lachnospirales;f__Lachnospiraceae;g__Agathobacter	14d_vs_before	2.918106709850459	8.735227450886243e-21	4.7003842950006934e-20	True	increased
d__Bacteria;p__Bacillota;c__Clostridia;o__Lachnospirales;f__Lachnospiraceae;g__Coprococcus	14d_vs_before	2.816372162120228	9.649280966126658e-21	4.956221587146874e-20	True	increased
d__Bacteria;p__Bacillota;c__Clostridia;o__Lachnospirales;f__Lachnospiraceae;g__Roseburia	14d_vs_before	2.482211743232044	8.311735683607423e-20	4.0835918793375604e-19	True	increased
d__Bacteria;p__Actinomycetota;c__Actinobacteria;o__Bifidobacteriales;f__Bifidobacteriaceae;g__Bifidobacterium	14d_vs_before	3.3998256210942848	3.0056940587756215e-19	1.4151809526735216e-18	True	increased
d__Bacteria;p__Bacillota;c__Clostridia;o__Lachnospirales;f__Lachnospiraceae;g__Fusicatenibacter	14d_vs_before	2.792634698296305	9.147948754314637e-19	4.134872836950215e-18	True	increased
d__Bacteria;p__Bacteroidota;c__Bacteroidia;o__Bacteroidales;f__Tannerellaceae;g__Parabacteroides	14d_vs_before	1.9503359608217876	1.6506933193811803e-16	7.174167118848978e-16	True	increased
d__Bacteria;p__Bacillota;c__Bacilli;o__Lactobacillales;f__Lactobacillaceae;g__Ligilactobacillus	14d_vs_before	-3.1283536942464387	4.675864167987467e-16	1.9569357443799397e-15	True	decreased
d__Bacteria;p__Bacteroidota;c__Bacteroidia;o__Bacteroidales;f__Rikenellaceae;g__Alistipes	14d_vs_before	2.206625576966071	8.181792613230516e-16	3.301937733196601e-15	True	increased
d__Bacteria;p__Bacillota;c__Bacilli;o__Lactobacillales;f__Lactobacillaceae;g__Pediococcus	14d_vs_before	-2.20393090080703	1.2882667386719928e-15	5.019797981721903e-15	True	decreased
d__Bacteria;p__Bacillota;c__Clostridia;o__Lachnospirales;f__Lachnospiraceae;g__[Ruminococcus]_gauvreauii_group	14d_vs_before	2.225309718944484	2.010044784211027e-14	7.571168687194868e-14	True	increased
d__Bacteria;p__Bacillota;c__Negativicutes;o__Veillonellales-Selenomonadales;f__Veillonellaceae;g__Megasphaera	14d_vs_before	-2.0121781486127204	3.639583264869926e-14	1.326686803000973e-13	True	decreased
d__Bacteria;p__Bacillota;c__Clostridia;o__Oscillospirales;f__Oscillospiraceae;g__Oscillibacter	14d_vs_before	1.5857724556222172	2.4986756825440444e-13	8.823448503983656e-13	True	increased
d__Bacteria;p__Pseudomonadota;c__Gammaproteobacteria;o__Enterobacterales;f__Morganellaceae;g__Proteus	14d_vs_before	-1.711313694286365	7.741236224503674e-13	2.6507869496027733e-12	True	decreased
d__Bacteria;p__Bacillota;c__Clostridia;o__Oscillospirales;f__Oscillospiraceae;g__NK4A214_group	14d_vs_before	1.6567301790050508	1.4669292582919245e-12	4.875382534911397e-12	True	increased
d__Bacteria;p__Bacillota;c__Clostridia;o__Clostridiales;f__Clostridiaceae;g__Clostridium	14d_vs_before	2.242289528214573	4.791389582484316e-12	1.546934350916365e-11	True	increased
d__Bacteria;p__Bacillota;c__Clostridia;o__Oscillospirales;f__Oscillospiraceae;g__UCG-002	14d_vs_before	1.8102618860857136	5.5985677937736895e-12	1.7573282241567414e-11	True	increased
d__Bacteria;p__Bacillota;c__Clostridia;o__Peptostreptococcales-Tissierellales;f__Peptostreptococcaceae;g__Romboutsia	14d_vs_before	2.032346639809964	2.1596976813854924e-11	6.595833459366504e-11	True	increased
d__Bacteria;p__Bacillota;c__Clostridia;o__Peptostreptococcales-Tissierellales;f__Anaerovoracaceae;g__Family_XIII_AD3011_group	14d_vs_before	1.3458321241527025	3.0660562827578085e-10	9.117483156621907e-10	True	increased
d__Bacteria;p__Pseudomonadota;c__Gammaproteobacteria;o__Enterobacterales;f__Enterobacteriaceae;g__Escherichia-Shigella	14d_vs_before	-2.645871593225669	9.124446557941364e-10	2.6437499001214724e-09	True	decreased
d__Bacteria;p__Bacillota;c__Clostridia;o__Oscillospirales;f__Oscillospiraceae;__	14d_vs_before	1.3092724226454275	8.508998633330899e-09	2.4037921139159792e-08	True	increased
d__Bacteria;p__Bacillota;c__Clostridia;o__Oscillospirales;f__Ruminococcaceae;g__Ruminococcus	14d_vs_before	1.46687764851668	1.1612547755178344e-08	3.2005314544759825e-08	True	increased
d__Bacteria;p__Bacillota;c__Clostridia;o__Oscillospirales;f__Ruminococcaceae;g__CAG-352	14d_vs_before	1.9287507904921264	1.2615410154342816e-08	3.394146065335091e-08	True	increased
d__Bacteria;p__Bacillota;c__Clostridia;o__Peptostreptococcales-Tissierellales;f__Peptostreptococcaceae;g__Intestinibacter	14d_vs_before	1.629131620752411	9.62493183924213e-08	2.5293425531031645e-07	True	increased
d__Bacteria;p__Bacillota;c__Clostridia;o__Oscillospirales;f__Oscillospiraceae;g__Flavonifractor	14d_vs_before	1.195311443077944	1.243785404563344e-07	3.194267061719497e-07	True	increased
d__Bacteria;p__Verrucomicrobiota;c__Verrucomicrobiia;o__Verrucomicrobiales;f__Akkermansiaceae;g__Akkermansia	14d_vs_before	2.5290015365550325	1.3937943070945237e-07	3.4999723711484705e-07	True	increased
d__Bacteria;p__Bacillota;c__Clostridia;o__Lachnospirales;f__Lachnospiraceae;g__Lachnospiraceae_UCG-010	14d_vs_before	1.1179467784227728	2.10228432946367e-07	5.164307157160753e-07	True	increased
d__Bacteria;p__Bacillota;c__Bacilli;o__Erysipelotrichales;f__Erysipelatoclostridiaceae;g__Thomasclavelia	14d_vs_before	1.4519365580097912	6.394939113269373e-07	1.537506637871147e-06	True	increased
d__Bacteria;p__Actinomycetota;c__Coriobacteriia;o__Coriobacteriales;f__Eggerthellaceae;g__Eggerthella	14d_vs_before	1.0706908894011482	7.454215430142033e-07	1.75484654917927e-06	True	increased
d__Bacteria;p__Fusobacteriota;c__Fusobacteriia;o__Fusobacteriales;f__Fusobacteriaceae;g__Fusobacterium	14d_vs_before	-1.5854124542548056	1.2966682628669832e-06	2.9902757898769206e-06	True	decreased
d__Bacteria;p__Bacillota;c__Clostridia;o__Lachnospirales;f__Lachnospiraceae;g__Extibacter	14d_vs_before	1.244918263468835	1.7213225471623005e-06	3.890188956586798e-06	True	increased
d__Bacteria;p__Bacillota;c__Clostridia;o__Lachnospirales;f__Lachnospiraceae;g__Enterocloster	14d_vs_before	1.396434866940445	3.795974953803716e-06	8.410689603525882e-06	True	increased
d__Bacteria;p__Actinomycetota;c__Actinobacteria;o__Micrococcales;f__Micrococcaceae;g__Rothia	14d_vs_before	-0.5235754869030453	6.300311842931957e-06	1.3691062274063676e-05	True	decreased
d__Bacteria;p__Bacillota;c__Negativicutes;o__Acidaminococcales;f__Acidaminococcaceae;g__Acidaminococcus	14d_vs_before	-1.078021933626346	7.603333062334803e-06	1.5923765254449073e-05	True	decreased
d__Bacteria;p__Bacillota;c__Clostridia;o__Lachnospirales;f__Lachnospiraceae;g__[Ruminococcus]_gnavus_group	14d_vs_before	1.3373999387309157	7.609586935754424e-06	1.5923765254449073e-05	True	increased
d__Bacteria;p__Bacillota;c__Bacilli;o__Lactobacillales;f__Streptococcaceae;g__Lactococcus	14d_vs_before	-0.9865517802516306	1.0642113450591682e-05	2.1864705816670185e-05	True	decreased
d__Bacteria;p__Bacillota;c__Clostridia;o__Lachnospirales;f__Lachnospiraceae;g__Faecalimonas	14d_vs_before	1.2549155150965632	1.1221476411975296e-05	2.2643336331307294e-05	True	increased
d__Bacteria;p__Bacillota;c__Clostridia;o__Oscillospirales;f__Ruminococcaceae;__	14d_vs_before	1.0473901161626542	1.304532855453846e-05	2.58617916958394e-05	True	increased
d__Bacteria;p__Bacillota;c__Bacilli;o__Lactobacillales;f__Lactobacillaceae;g__Lactobacillus	14d_vs_before	-0.7712707784099566	1.453330163979974e-05	2.8314880780989152e-05	True	decreased
d__Bacteria;p__Bacillota;c__Bacilli;o__Erysipelotrichales;f__Erysipelotrichaceae;g__Holdemania	14d_vs_before	0.6085388668401331	8.661475078536174e-05	0.00016588926845331994	True	increased
d__Bacteria;p__Bacillota;c__Bacilli;o__Lactobacillales;f__Enterococcaceae;__	14d_vs_before	-1.146437854404937	0.00010529194340284568	0.00019829982674202608	True	decreased
d__Bacteria;p__Cyanobacteriota;c__Cyanobacteriia;o__Chloroplast;f__Incertae_Sedis;g__Incertae_Sedis	14d_vs_before	-0.6233741061764787	0.00019402675624314585	0.0003594266140241882	True	decreased
d__Bacteria;p__Bacillota;c__Clostridia;o__Christensenellales;f__Christensenellaceae;g__Christensenellaceae_R-7_group	14d_vs_before	0.8128543241947869	0.0003096973441901778	0.0005644483853788724	True	increased
d__Bacteria;p__Bacillota;c__Bacilli;o__Erysipelotrichales;f__Erysipelotrichaceae;g__Turicibacter	14d_vs_before	0.9198077422862662	0.0004671653288868177	0.0008379314629239746	True	increased
d__Bacteria;p__Bacillota;c__Clostridia;o__Lachnospirales;f__Lachnospiraceae;g__[Eubacterium]_ventriosum_group	14d_vs_before	0.6866149415375108	0.0007293508683637924	0.0012877601269548	True	increased
d__Bacteria;p__Bacillota;c__Clostridia;o__Eubacteriales;f__Anaerofustaceae;g__Anaerofustis	14d_vs_before	-0.3140903354296959	0.0007948389586338951	0.0013817969588558	True	decreased
d__Bacteria;p__Bacillota;c__Clostridia;o__Oscillospirales;f__Ruminococcaceae;g__Incertae_Sedis	14d_vs_before	0.5424762062429861	0.0013415096560751	0.0022968271384316	True	increased
d__Bacteria;p__Bacillota;c__Clostridia;o__Lachnospirales;f__Lachnospiraceae;g__Lachnospiraceae_ND3007_group	14d_vs_before	0.649178060507981	0.0022549832808842	0.0038031807573123	True	increased
d__Bacteria;p__Bacillota;c__Negativicutes;o__Acidaminococcales;f__Acidaminococcaceae;g__Phascolarctobacterium	14d_vs_before	0.7185663979685027	0.0080006515654532	0.0132952003955325	True	increased
d__Bacteria;p__Bacillota;c__Clostridia;o__Oscillospirales;f__Oscillospiraceae;g__Intestinimonas	14d_vs_before	0.5562580524371682	0.0085893353736738	0.0140665927134079	True	increased
d__Bacteria;p__Bacillota;c__Clostridia;o__Oscillospirales;f__Ruminococcaceae;g__DTU089	14d_vs_before	0.4990624738406389	0.0087568946671112	0.0141361299626223	True	increased
d__Bacteria;p__Bacillota;c__Bacilli;o__Lactobacillales;f__Lactobacillaceae;g__Limosilactobacillus	14d_vs_before	-0.5595784416520269	0.0097579602124427	0.0155302747043103	True	decreased
d__Bacteria;p__Thermodesulfobacteriota;c__Desulfovibrionia;o__Desulfovibrionales;f__Desulfovibrionaceae;g__Bilophila	14d_vs_before	0.6548798352787238	0.0152964154777008	0.0240068742913916	True	increased
d__Bacteria;p__Actinomycetota;c__Actinobacteria;o__Actinomycetales;f__Actinomycetaceae;g__Schaalia	14d_vs_before	-0.4252601995105426	0.0288247257943885	0.0446190960926836	True	decreased
d__Bacteria;p__Bacillota;c__Clostridia;o__Eubacteriales;f__Eubacteriaceae;g__Eubacterium	14d_vs_before	0.3600052624710596	0.037402029359651	0.0571139096978454	False	increased
d__Bacteria;p__Bacillota;c__Clostridia;o__Lachnospirales;f__Lachnospiraceae;g__Sellimonas	14d_vs_before	0.4254632149791807	0.0413457160348825	0.062294212159223	False	increased
d__Bacteria;p__Bacillota;c__Clostridia;o__Lachnospirales;f__Lachnospiraceae;g__Faecalicatena	14d_vs_before	0.3182635159456697	0.0540289946174998	0.0803325841023353	False	increased
d__Bacteria;p__Bacillota;c__Clostridia;o__Peptostreptococcales-Tissierellales;f__Anaerovoracaceae;g__[Eubacterium]_brachy_group	14d_vs_before	0.2786376496613781	0.0665361849588762	0.0976440116928963	False	increased
d__Bacteria;p__Thermodesulfobacteriota;c__Desulfovibrionia;o__Desulfovibrionales;f__Desulfovibrionaceae;g__Desulfovibrio	14d_vs_before	-0.3978946538194456	0.074607387797664	0.1072113102076253	False	decreased
d__Bacteria;p__Bacteroidota;c__Bacteroidia;o__Bacteroidales;f__Marinifilaceae;g__Odoribacter	14d_vs_before	-0.2412916156682986	0.0749530398796672	0.1072113102076253	False	decreased
d__Bacteria;p__Bacillota;c__Bacilli;o__Erysipelotrichales;f__Erysipelotrichaceae;g__Faecalitalea	14d_vs_before	-0.3151645438621162	0.0770260049987038	0.1087992320606692	False	decreased
d__Bacteria;p__Bacillota;c__Bacilli;o__Erysipelotrichales;f__Erysipelotrichaceae;g__[Clostridium]_innocuum_group	14d_vs_before	0.4311570034415414	0.0859946787551579	0.1199678851769486	False	increased
d__Bacteria;p__Bacillota;c__Clostridia;o__Lachnospirales;f__Lachnospiraceae;g__Lachnospiraceae_UCG-004	14d_vs_before	-0.2103387770646892	0.0871534601076738	0.1201017194166724	False	decreased
d__Bacteria;p__Pseudomonadota;c__Gammaproteobacteria;o__Burkholderiales;f__Sutterellaceae;g__Sutterella	14d_vs_before	-0.3343257080799411	0.1070966031573609	0.1458062187564071	False	decreased
d__Bacteria;p__Bacillota;c__Clostridia;o__Oscillospirales;f__Ruminococcaceae;g__Fournierella	14d_vs_before	0.3227394224469253	0.1196777772164937	0.1609951050650451	False	increased
d__Bacteria;p__Bacillota;c__Bacilli;o__Lactobacillales;f__Streptococcaceae;g__Streptococcus	14d_vs_before	-0.430784517926562	0.1236352727695296	0.1643621861524335	False	decreased
d__Bacteria;p__Bacillota;c__Clostridia;o__Lachnospirales;f__Lachnospiraceae;g__Lachnospiraceae_FCS020_group	14d_vs_before	0.2336198649519765	0.1836449998171174	0.2413009881317938	False	increased
d__Bacteria;p__Bacillota;c__Clostridia;o__Lachnospirales;f__Lachnospiraceae;g__Marvinbryantia	14d_vs_before	0.2190478373405199	0.1907809654333008	0.2477959665972758	False	increased
d__Bacteria;p__Bacillota;c__Clostridia;o__Lachnospirales;f__Lachnospiraceae;g__Lachnospira	14d_vs_before	0.2312081999039372	0.1944707222106594	0.2497180864750513	False	increased
d__Bacteria;p__Bacillota;c__Clostridia;o__Oscillospirales;f__Oscillospiraceae;g__Colidextribacter	14d_vs_before	0.2200245143643273	0.1998419516290214	0.2537319161132519	False	increased
d__Bacteria;p__Actinomycetota;c__Coriobacteriia;o__Coriobacteriales;f__Eggerthellaceae;g__Incertae_Sedis	14d_vs_before	-0.1520184347993985	0.2215124076310536	0.2781211340256563	False	decreased
d__Bacteria;p__Actinomycetota;c__Coriobacteriia;o__Coriobacteriales;f__Coriobacteriales_Incertae_Sedis;g__Incertae_Sedis	14d_vs_before	0.2010764502876912	0.2579771506856465	0.3203452530492093	False	increased
d__Bacteria;p__Bacillota;c__Clostridia;o__Oscillospirales;f__Oscillospiraceae;g__UCG-005	14d_vs_before	0.1963013171924054	0.2646384854649502	0.3250450962776018	False	increased
d__Bacteria;p__Bacillota;c__Clostridia;o__Lachnospirales;f__Lachnospiraceae;g__[Eubacterium]_xylanophilum_group	14d_vs_before	0.1682501949479771	0.2962475868565733	0.3599567453203525	False	increased
d__Bacteria;p__Actinomycetota;c__Coriobacteriia;o__Coriobacteriales;f__Eggerthellaceae;g__Gordonibacter	14d_vs_before	-0.117604682513894	0.3075684802380817	0.3697365773074812	False	decreased
d__Bacteria;p__Actinomycetota;c__Coriobacteriia;o__Coriobacteriales;f__Coriobacteriales_Incertae_Sedis;g__Raoultibacter	14d_vs_before	-0.1069879790081239	0.3333989324885485	0.3965692565390103	False	decreased
d__Bacteria;p__Pseudomonadota;c__Gammaproteobacteria;o__Enterobacterales;f__Pasteurellaceae;g__Haemophilus	14d_vs_before	-0.1934520467500546	0.3540905700085177	0.416794108447526	False	decreased
d__Bacteria;p__Bacillota;c__Clostridia;o__Peptostreptococcales-Tissierellales;f__Anaerovoracaceae;__	14d_vs_before	0.1604082728572169	0.3790492600306205	0.4415728493140219	False	increased
d__Bacteria;p__Bacillota;c__Clostridia;__;__;__	14d_vs_before	0.1135459646236333	0.4057663880881086	0.4678734883056763	False	increased
d__Archaea;p__Methanobacteriota;c__Methanobacteria;o__Methanobacteriales;f__Methanobacteriaceae;g__Methanobrevibacter	14d_vs_before	-0.1220511282845419	0.4106821168728734	0.4687583758245929	False	decreased
d__Bacteria;p__Bacillota;c__Negativicutes;o__Veillonellales-Selenomonadales;f__Veillonellaceae;g__Dialister	14d_vs_before	0.2415163456951966	0.4534850734980598	0.5124381330528075	False	increased
d__Bacteria;p__Actinomycetota;c__Coriobacteriia;o__Coriobacteriales;f__Eggerthellaceae;g__Senegalimassilia	14d_vs_before	-0.0916154189601585	0.4806426539240672	0.5377487118160357	False	decreased
d__Bacteria;p__Bacillota;c__Clostridia;o__Lachnospirales;f__Lachnospiraceae;g__Hungatella	14d_vs_before	0.1288862069446049	0.4971600876243072	0.5507753911916345	False	increased
d__Bacteria;p__Bacillota;c__Bacilli;o__Lactobacillales;f__Lactobacillaceae;__	14d_vs_before	-0.1390391012624314	0.5479081763509914	0.6011031449287576	False	decreased
d__Bacteria;p__Bacillota;c__Clostridia;o__Lachnospirales;f__Lachnospiraceae;g__[Eubacterium]_eligens_group	14d_vs_before	0.088351066444425	0.6056071551473092	0.6580154666504417	False	increased
d__Bacteria;p__Bacillota;c__Clostridia;o__Lachnospirales;f__Lachnospiraceae;g__Lactonifactor	14d_vs_before	0.0692636334672405	0.6229812260960587	0.670446462370044	False	increased
d__Bacteria;p__Bacillota;c__Clostridia;o__Lachnospirales;f__Lachnospiraceae;g__GCA-900066575	14d_vs_before	0.0688677623196222	0.6355923595510775	0.6775654398987903	False	increased
d__Bacteria;p__Bacillota;c__Clostridia;o__Lachnospirales;f__Lachnospiraceae;g__Tyzzerella	14d_vs_before	-0.0751900162691738	0.6554553795640685	0.6922098868293434	False	decreased
d__Bacteria;p__Bacteroidota;c__Bacteroidia;o__Bacteroidales;f__Marinifilaceae;g__Butyricimonas	14d_vs_before	-0.0591155357969263	0.6676374068269464	0.6985465460318976	False	decreased
d__Bacteria;p__Pseudomonadota;c__Gammaproteobacteria;o__Burkholderiales;f__Sutterellaceae;g__Parasutterella	14d_vs_before	0.1287153302289502	0.7106034118310794	0.7366806012560732	False	increased
d__Bacteria;p__Bacillota;c__Clostridia;o__Lachnospirales;f__Lachnospiraceae;g__Eisenbergiella	14d_vs_before	0.0605922026840217	0.7506377241330905	0.7632630731892839	False	increased
d__Bacteria;p__Bacillota;c__Clostridia;o__Lachnospirales;f__Lachnospiraceae;g__CAG-56	14d_vs_before	-0.0559743145417985	0.7513785870499081	0.7632630731892839	False	decreased
d__Bacteria;p__Bacillota;c__Clostridia;o__Peptostreptococcales-Tissierellales;f__Peptostreptococcaceae;g__Terrisporobacter	14d_vs_before	-0.0735014092641607	0.7565085327185823	0.7632630731892839	False	decreased
d__Bacteria;p__Bacillota;c__Clostridia;o__Lachnospirales;f__Lachnospiraceae;g__Lachnoclostridium	14d_vs_before	-0.0257175969686646	0.8752635997346504	0.8752635997346504	False	decreased
d__Bacteria;p__Bacillota;c__Clostridia;o__Lachnospirales;f__Lachnospiraceae;__	30d_vs_before	5.728349631888259	6.390953407643566e-184	7.221777350637229e-182	True	increased
d__Bacteria;p__Bacillota;c__Clostridia;o__Lachnospirales;f__Lachnospiraceae;g__Blautia	30d_vs_before	5.947861992575088	8.33808827058664e-126	4.7110198728814505e-124	True	increased
d__Bacteria;p__Pseudomonadota;c__Gammaproteobacteria;o__Enterobacterales;f__Enterobacteriaceae;__	30d_vs_before	-7.999620688751115	2.0547224154236428e-125	7.739454431429053e-124	True	decreased
d__Bacteria;p__Bacteroidota;c__Bacteroidia;o__Bacteroidales;f__Bacteroidaceae;g__Bacteroides	30d_vs_before	5.731347171109606	3.200870544484838e-75	9.042459288169668e-74	True	increased
d__Bacteria;p__Bacillota;c__Clostridia;o__Lachnospirales;f__Lachnospiraceae;g__Dorea	30d_vs_before	4.5183593416392265	3.947501543977842e-74	8.921353489389925e-73	True	increased
d__Bacteria;p__Bacillota;c__Clostridia;o__Oscillospirales;f__Ruminococcaceae;g__Acutalibacter	30d_vs_before	3.2010588556417985	5.576822069515827e-60	1.050301489758814e-58	True	increased
d__Bacteria;p__Bacillota;c__Clostridia;o__Lachnospirales;f__Lachnospiraceae;g__Mediterraneibacter	30d_vs_before	3.803094026869101	4.675607289627049e-57	7.547766053255094e-56	True	increased
d__Bacteria;p__Bacillota;c__Bacilli;o__Lactobacillales;f__Lactobacillaceae;g__Lacticaseibacillus	30d_vs_before	-4.938998830053301	1.781547441988578e-48	2.5164357618088663e-47	True	decreased
d__Bacteria;p__Bacillota;c__Clostridia;o__Lachnospirales;f__Lachnospiraceae;g__Anaerostipes	30d_vs_before	3.966340691056161	5.34242790207475e-48	6.707715032604964e-47	True	increased
d__Bacteria;p__Bacillota;c__Clostridia;o__Monoglobales;f__Monoglobaceae;g__Monoglobus	30d_vs_before	2.939359010084779	1.179474706494472e-41	1.3328064183387531e-40	True	increased
d__Bacteria;p__Bacillota;c__Clostridia;o__Oscillospirales;f__Ruminococcaceae;g__Faecalibacterium	30d_vs_before	3.888404563004156	3.095667609588557e-38	3.180094908031882e-37	True	increased
d__Bacteria;p__Bacillota;c__Bacilli;o__Lactobacillales;f__Lactobacillaceae;g__Lactiplantibacillus	30d_vs_before	-3.8917583842132606	1.0069796489562052e-35	9.482391694337597e-35	True	decreased
d__Bacteria;p__Bacillota;c__Negativicutes;o__Veillonellales-Selenomonadales;f__Veillonellaceae;g__Veillonella	30d_vs_before	-4.148636524346894	4.4366146725332175e-34	3.856441984586565e-33	True	decreased
d__Bacteria;p__Bacillota;c__Clostridia;o__Lachnospirales;f__Lachnospiraceae;g__Anaerobutyricum	30d_vs_before	3.955524261142704	3.289377676072764e-32	2.6549976956873024e-31	True	increased
d__Bacteria;p__Bacillota;c__Clostridia;o__Oscillospirales;f__[Eubacterium]_coprostanoligenes_group;g__Incertae_Sedis	30d_vs_before	3.2656114056660206	1.5422334879082432e-31	1.1618158942242098e-30	True	increased
d__Bacteria;p__Bacillota;c__Clostridia;o__Oscillospirales;f__Ruminococcaceae;g__Ruthenibacterium	30d_vs_before	2.471906670330149	2.847021925445424e-27	2.0107092348458302e-26	True	increased
d__Bacteria;p__Bacillota;c__Clostridia;o__Lachnospirales;f__Lachnospiraceae;g__Agathobacter	30d_vs_before	3.4834144884048164	1.2270228349194626e-26	8.156092961523487e-26	True	increased
d__Bacteria;p__Bacillota;c__Clostridia;o__Lachnospirales;f__Lachnospiraceae;g__Roseburia	30d_vs_before	2.814974517918651	2.021041805834191e-26	1.2687651336625754e-25	True	increased
d__Bacteria;p__Bacillota;c__Clostridia;o__Oscillospirales;f__Butyricicoccaceae;g__Agathobaculum	30d_vs_before	2.3144379078483195	1.6833436000372993e-24	1.0011464568642886e-23	True	increased
d__Bacteria;p__Bacillota;c__Clostridia;o__Lachnospirales;f__Lachnospiraceae;g__Coprococcus	30d_vs_before	3.0119321199610964	2.2428709272940315e-24	1.267222073921128e-23	True	increased
d__Bacteria;p__Actinomycetota;c__Coriobacteriia;o__Coriobacteriales;f__Coriobacteriaceae;g__Collinsella	30d_vs_before	2.5596696409014026	3.7489941492530025e-24	2.017315899359949e-23	True	increased
d__Bacteria;p__Bacillota;c__Clostridia;o__Oscillospirales;f__Ruminococcaceae;g__Gemmiger	30d_vs_before	3.275669570108222	1.5617860753535504e-23	8.021901205225055e-23	True	increased
d__Bacteria;p__Bacillota;c__Bacilli;o__Erysipelotrichales;f__Erysipelatoclostridiaceae;g__Erysipelotrichaceae_UCG-003	30d_vs_before	2.738997580949223	2.9854254412602976e-23	1.4667524994017983e-22	True	increased
d__Bacteria;p__Bacillota;c__Clostridia;o__Lachnospirales;f__Lachnospiraceae;g__Fusicatenibacter	30d_vs_before	3.091352336654636	1.1409469323454562e-17	5.371958473126523e-17	True	increased
d__Bacteria;p__Bacillota;c__Bacilli;o__Lactobacillales;f__Lactobacillaceae;g__Pediococcus	30d_vs_before	-2.3917002019832063	4.4349051726785997e-17	2.0045771380507272e-16	True	decreased
d__Bacteria;p__Bacteroidota;c__Bacteroidia;o__Bacteroidales;f__Rikenellaceae;g__Alistipes	30d_vs_before	2.409776761715059	2.854513485727197e-16	1.240615476489128e-15	True	increased
d__Bacteria;p__Bacillota;c__Bacilli;o__Lactobacillales;f__Lactobacillaceae;g__Ligilactobacillus	30d_vs_before	-3.0137761904577345	4.5471035566395656e-15	1.903047044075077e-14	True	decreased
d__Bacteria;p__Bacillota;c__Negativicutes;o__Veillonellales-Selenomonadales;f__Veillonellaceae;g__Megasphaera	30d_vs_before	-2.014129947564287	1.1673724106852957e-13	4.711181514551372e-13	True	decreased
d__Bacteria;p__Pseudomonadota;c__Gammaproteobacteria;o__Enterobacterales;f__Morganellaceae;g__Proteus	30d_vs_before	-1.6223972022924935	3.025415012939699e-13	1.1788686084902965e-12	True	decreased
d__Bacteria;p__Bacillota;c__Clostridia;o__Peptostreptococcales-Tissierellales;f__Peptostreptococcaceae;g__Romboutsia	30d_vs_before	2.23296893510318	9.176593453915052e-13	3.456516867641336e-12	True	increased
d__Bacteria;p__Actinomycetota;c__Actinobacteria;o__Bifidobacteriales;f__Bifidobacteriaceae;g__Bifidobacterium	30d_vs_before	2.7419415954076136	1.7658087850360857e-12	6.436657829325086e-12	True	increased
d__Bacteria;p__Bacillota;c__Clostridia;o__Oscillospirales;f__Oscillospiraceae;g__UCG-002	30d_vs_before	1.9057568244719247	3.180469830857722e-12	1.1231034090216331e-11	True	increased
d__Bacteria;p__Bacillota;c__Clostridia;o__Oscillospirales;f__Ruminococcaceae;g__Ruminococcus	30d_vs_before	1.925754624079849	7.816494763310704e-12	2.676557297739726e-11	True	increased
d__Bacteria;p__Bacillota;c__Clostridia;o__Oscillospirales;f__Oscillospiraceae;g__Oscillibacter	30d_vs_before	1.548288587972218	1.4205857506222855e-11	4.7213585241270076e-11	True	increased
d__Bacteria;p__Bacillota;c__Clostridia;o__Clostridiales;f__Clostridiaceae;g__Clostridium	30d_vs_before	2.267297659311148	9.66076319114668e-11	3.1190464017130716e-10	True	increased
d__Bacteria;p__Pseudomonadota;c__Gammaproteobacteria;o__Enterobacterales;f__Enterobacteriaceae;g__Escherichia-Shigella	30d_vs_before	-2.7413918171991134	1.2281242543881762e-10	3.854945576273997e-10	True	decreased
d__Bacteria;p__Bacillota;c__Clostridia;o__Lachnospirales;f__Lachnospiraceae;g__[Ruminococcus]_gauvreauii_group	30d_vs_before	1.85848029264416	8.91174077861877e-10	2.721693805361948e-09	True	increased
d__Bacteria;p__Bacillota;c__Clostridia;o__Oscillospirales;f__Ruminococcaceae;g__DTU089	30d_vs_before	1.3210110378221636	1.5025538341968622e-09	4.4681206122169864e-09	True	increased
d__Bacteria;p__Bacillota;c__Clostridia;o__Oscillospirales;f__Oscillospiraceae;g__NK4A214_group	30d_vs_before	1.4372966465417587	2.036004555740572e-09	5.8991926871457595e-09	True	increased
d__Bacteria;p__Bacillota;c__Clostridia;o__Oscillospirales;f__Ruminococcaceae;g__CAG-352	30d_vs_before	2.0255493495443364	5.51630764072313e-09	1.5583569085042846e-08	True	increased
d__Bacteria;p__Bacillota;c__Clostridia;o__Oscillospirales;f__Oscillospiraceae;__	30d_vs_before	1.3208486112917392	1.3033370392843282e-08	3.592124035100709e-08	True	increased
d__Bacteria;p__Bacillota;c__Clostridia;o__Lachnospirales;f__Lachnospiraceae;g__Lachnospiraceae_UCG-010	30d_vs_before	1.374196921352206	7.168336423706037e-08	1.928623847330434e-07	True	increased
d__Bacteria;p__Bacillota;c__Clostridia;o__Peptostreptococcales-Tissierellales;f__Peptostreptococcaceae;g__Intestinibacter	30d_vs_before	1.7044241971319591	8.837634197456477e-08	2.2997808916441055e-07	True	increased
d__Bacteria;p__Bacillota;c__Clostridia;o__Peptostreptococcales-Tissierellales;f__Anaerovoracaceae;g__Family_XIII_AD3011_group	30d_vs_before	1.137369055394323	8.95489904710979e-08	2.2997808916441055e-07	True	increased
d__Bacteria;p__Bacteroidota;c__Bacteroidia;o__Bacteroidales;f__Tannerellaceae;g__Parabacteroides	30d_vs_before	1.3896847419703229	1.316373523628308e-07	3.305560181555529e-07	True	increased
d__Bacteria;p__Bacillota;c__Bacilli;o__Lactobacillales;f__Enterococcaceae;__	30d_vs_before	-1.566701248168409	2.509091527877257e-07	6.163637883698479e-07	True	decreased
d__Bacteria;p__Bacillota;c__Clostridia;o__Oscillospirales;f__Oscillospiraceae;g__Flavonifractor	30d_vs_before	1.2349886789280018	3.587865759917904e-07	8.626145337674961e-07	True	increased
d__Bacteria;p__Bacillota;c__Clostridia;o__Lachnospirales;f__Lachnospiraceae;g__Enterocloster	30d_vs_before	1.4911775495298958	6.930266893617092e-07	1.6315003312056903e-06	True	increased
d__Bacteria;p__Bacillota;c__Clostridia;o__Lachnospirales;f__Lachnospiraceae;g__[Ruminococcus]_gnavus_group	30d_vs_before	1.5140807134083154	7.214126431633788e-07	1.6636658913767716e-06	True	increased
d__Bacteria;p__Bacillota;c__Clostridia;o__Lachnospirales;f__Lachnospiraceae;g__Extibacter	30d_vs_before	1.2740263054307914	7.36517463627541e-07	1.6645294677982423e-06	True	increased
d__Bacteria;p__Bacillota;c__Bacilli;o__Lactobacillales;f__Lactobacillaceae;g__Limosilactobacillus	30d_vs_before	-0.8873160203131789	2.46430029889334e-06	5.460116348528382e-06	True	decreased
d__Bacteria;p__Bacillota;c__Clostridia;o__Oscillospirales;f__Oscillospiraceae;g__Intestinimonas	30d_vs_before	1.0794556022046349	2.8666380578742592e-06	6.2294250103806015e-06	True	increased
d__Bacteria;p__Bacillota;c__Bacilli;o__Erysipelotrichales;f__Erysipelatoclostridiaceae;g__Thomasclavelia	30d_vs_before	1.4144159094741893	3.14314767812942e-06	6.7014280684646125e-06	True	increased
d__Bacteria;p__Verrucomicrobiota;c__Verrucomicrobiia;o__Verrucomicrobiales;f__Akkermansiaceae;g__Akkermansia	30d_vs_before	2.2635560980177893	6.078338455735341e-06	1.2719486027742473e-05	True	increased
d__Bacteria;p__Bacillota;c__Clostridia;o__Christensenellales;f__Christensenellaceae;g__Christensenellaceae_R-7_group	30d_vs_before	1.0697350727210715	1.2484012312187e-05	2.560085446495429e-05	True	increased
d__Bacteria;p__Actinomycetota;c__Coriobacteriia;o__Coriobacteriales;f__Eggerthellaceae;g__Gordonibacter	30d_vs_before	-0.409835044584906	1.2687149115375576e-05	2.560085446495429e-05	True	decreased
d__Bacteria;p__Actinomycetota;c__Actinobacteria;o__Micrococcales;f__Micrococcaceae;g__Rothia	30d_vs_before	-0.5461151481780568	1.406807540730721e-05	2.7889342474135348e-05	True	decreased
d__Bacteria;p__Fusobacteriota;c__Fusobacteriia;o__Fusobacteriales;f__Fusobacteriaceae;g__Fusobacterium	30d_vs_before	-1.4142674669561135	2.2951398472270968e-05	4.471565564425206e-05	True	decreased
d__Bacteria;p__Bacillota;c__Clostridia;o__Lachnospirales;f__Lachnospiraceae;g__Faecalimonas	30d_vs_before	1.2487389192584175	2.342192159745937e-05	4.485893458496455e-05	True	increased
d__Bacteria;p__Bacillota;c__Bacilli;o__Lactobacillales;f__Streptococcaceae;g__Lactococcus	30d_vs_before	-0.9416482445296024	3.705618150850733e-05	6.978914184102214e-05	True	decreased
d__Bacteria;p__Bacillota;c__Bacilli;o__Lactobacillales;f__Lactobacillaceae;g__Lactobacillus	30d_vs_before	-0.7296567542487428	7.28773464364593e-05	0.00013500229749704756	True	decreased
d__Bacteria;p__Bacillota;c__Clostridia;o__Oscillospirales;f__Ruminococcaceae;__	30d_vs_before	1.0329858085423722	0.00012785638262124657	0.0002330285683258204	True	increased
d__Bacteria;p__Cyanobacteriota;c__Cyanobacteriia;o__Chloroplast;f__Incertae_Sedis;g__Incertae_Sedis	30d_vs_before	-0.4786501023206237	0.00016774744129931558	0.00029716529911868854	True	decreased
d__Bacteria;p__Bacillota;c__Negativicutes;o__Acidaminococcales;f__Acidaminococcaceae;g__Phascolarctobacterium	30d_vs_before	1.0382938026392543	0.00016830601012031917	0.00029716529911868854	True	increased
d__Bacteria;p__Bacillota;c__Clostridia;o__Lachnospirales;f__Lachnospiraceae;g__Lachnospiraceae_ND3007_group	30d_vs_before	0.7414174772120824	0.0003703707262210963	0.0006438752625074443	True	increased
d__Bacteria;p__Actinomycetota;c__Coriobacteriia;o__Coriobacteriales;f__Eggerthellaceae;g__Eggerthella	30d_vs_before	0.6909853042234321	0.0005661505260352479	0.0009693183248785304	True	increased
d__Bacteria;p__Bacillota;c__Bacilli;o__Erysipelotrichales;f__Erysipelotrichaceae;g__Holdemania	30d_vs_before	0.5241380742107372	0.0007574877470678239	0.0012775539614725	True	increased
d__Bacteria;p__Actinomycetota;c__Actinobacteria;o__Actinomycetales;f__Actinomycetaceae;g__Schaalia	30d_vs_before	-0.6239276876618483	0.0008274162335576813	0.0013749710940002	True	decreased
d__Bacteria;p__Bacillota;c__Negativicutes;o__Acidaminococcales;f__Acidaminococcaceae;g__Acidaminococcus	30d_vs_before	-0.7540373050897917	0.0018286231958101	0.0029947017554572	True	decreased
d__Bacteria;p__Bacillota;c__Bacilli;o__Erysipelotrichales;f__Erysipelotrichaceae;g__Turicibacter	30d_vs_before	0.7663419749488537	0.0018580769014978	0.0029994669981322	True	increased
d__Bacteria;p__Bacillota;c__Clostridia;o__Oscillospirales;f__Oscillospiraceae;g__Colidextribacter	30d_vs_before	0.4532431559383313	0.0089495307160526	0.0142436193086472	True	increased
d__Bacteria;p__Bacillota;c__Clostridia;o__Lachnospirales;f__Lachnospiraceae;g__GCA-900066575	30d_vs_before	-0.3075958540529592	0.0131222489789136	0.0205946407585728	True	decreased
d__Bacteria;p__Thermodesulfobacteriota;c__Desulfovibrionia;o__Desulfovibrionales;f__Desulfovibrionaceae;g__Bilophila	30d_vs_before	0.6837243428095813	0.0138251924522145	0.0214006403712361	True	increased
d__Bacteria;p__Bacillota;c__Clostridia;o__Oscillospirales;f__Oscillospiraceae;g__UCG-005	30d_vs_before	0.4045344534027855	0.0155038536802819	0.023674803592863	True	increased
d__Bacteria;p__Bacillota;c__Clostridia;o__Lachnospirales;f__Lachnospiraceae;g__[Eubacterium]_ventriosum_group	30d_vs_before	0.4307809783363067	0.0199048397356332	0.0299899585350208	True	increased
d__Bacteria;p__Bacillota;c__Clostridia;o__Peptostreptococcales-Tissierellales;f__Anaerovoracaceae;g__[Eubacterium]_brachy_group	30d_vs_before	0.3439492504835326	0.0203166400786815	0.0302076359064607	True	increased
d__Bacteria;p__Bacillota;c__Bacilli;o__Lactobacillales;f__Lactobacillaceae;__	30d_vs_before	-0.565643135809437	0.0437245440011494	0.0641671879497388	False	decreased
d__Bacteria;p__Bacillota;c__Clostridia;o__Oscillospirales;f__Ruminococcaceae;g__Incertae_Sedis	30d_vs_before	0.3346505354503741	0.0485118934231933	0.0702800507284724	False	increased
d__Bacteria;p__Bacillota;c__Bacilli;o__Lactobacillales;f__Streptococcaceae;g__Streptococcus	30d_vs_before	-0.5490585747198706	0.051262059138739	0.0733242111731331	False	decreased
d__Bacteria;p__Bacillota;c__Clostridia;o__Lachnospirales;f__Lachnospiraceae;g__Faecalicatena	30d_vs_before	0.3317450950429941	0.0521148411573868	0.0736122131348088	False	increased
d__Bacteria;p__Bacillota;c__Clostridia;o__Oscillospirales;f__Ruminococcaceae;g__Fournierella	30d_vs_before	0.3813528087792869	0.0636359162543394	0.0887760313177821	False	increased
d__Bacteria;p__Pseudomonadota;c__Gammaproteobacteria;o__Burkholderiales;f__Sutterellaceae;g__Parasutterella	30d_vs_before	0.664418277260434	0.0803629175187176	0.1105142567218138	False	increased
d__Bacteria;p__Bacillota;c__Clostridia;o__Lachnospirales;f__Lachnospiraceae;g__Lachnospiraceae_FCS020_group	30d_vs_before	0.311950060918889	0.08117418856558	0.1105142567218138	False	increased
d__Bacteria;p__Bacillota;c__Clostridia;o__Lachnospirales;f__Lachnospiraceae;g__Lachnospira	30d_vs_before	0.3020347300370181	0.1050166439905106	0.1397562974251527	False	increased
d__Bacteria;p__Bacillota;c__Clostridia;o__Eubacteriales;f__Anaerofustaceae;g__Anaerofustis	30d_vs_before	-0.1622644018820053	0.1051264184171502	0.1397562974251527	False	decreased
d__Bacteria;p__Pseudomonadota;c__Gammaproteobacteria;o__Enterobacterales;f__Pasteurellaceae;g__Haemophilus	30d_vs_before	-0.2956111127860269	0.1403754681523228	0.1844468360606102	False	decreased
d__Bacteria;p__Thermodesulfobacteriota;c__Desulfovibrionia;o__Desulfovibrionales;f__Desulfovibrionaceae;g__Desulfovibrio	30d_vs_before	-0.319365066995683	0.1589760553328415	0.2064861408346103	False	decreased
d__Bacteria;p__Bacillota;c__Clostridia;o__Peptostreptococcales-Tissierellales;f__Peptostreptococcaceae;g__Terrisporobacter	30d_vs_before	0.3859451905708546	0.1668335039215075	0.2142293857173904	False	increased
d__Bacteria;p__Pseudomonadota;c__Gammaproteobacteria;o__Burkholderiales;f__Sutterellaceae;g__Sutterella	30d_vs_before	-0.2964087381456355	0.1777753331029083	0.2257147487711082	False	decreased
d__Bacteria;p__Bacillota;c__Clostridia;o__Lachnospirales;f__Lachnospiraceae;g__Sellimonas	30d_vs_before	0.2691739093952979	0.1963139509470854	0.246483071744674	False	increased
d__Bacteria;p__Actinomycetota;c__Coriobacteriia;o__Coriobacteriales;f__Eggerthellaceae;g__Senegalimassilia	30d_vs_before	-0.1595639963233028	0.2008240574301914	0.2493749284572707	False	decreased
d__Bacteria;p__Bacillota;c__Clostridia;o__Lachnospirales;f__Lachnospiraceae;g__Tyzzerella	30d_vs_before	-0.16598284566259	0.2396958545488566	0.2944090387393565	False	decreased
d__Bacteria;p__Bacillota;c__Clostridia;o__Eubacteriales;f__Eubacteriaceae;g__Eubacterium	30d_vs_before	0.1940128795881439	0.2579386545024402	0.3134093328900618	False	increased
d__Bacteria;p__Bacillota;c__Clostridia;o__Lachnospirales;f__Lachnospiraceae;g__Lachnoclostridium	30d_vs_before	0.2028752074503992	0.2806781865001341	0.3374110114310123	False	increased
d__Bacteria;p__Actinomycetota;c__Coriobacteriia;o__Coriobacteriales;f__Eggerthellaceae;g__Incertae_Sedis	30d_vs_before	-0.1298868928094318	0.2969683323249233	0.3532360163443824	False	decreased
d__Bacteria;p__Bacillota;c__Bacilli;o__Erysipelotrichales;f__Erysipelotrichaceae;g__[Clostridium]_innocuum_group	30d_vs_before	0.2545417610495877	0.3135496609164867	0.3690740800371145	False	increased
d__Bacteria;p__Bacteroidota;c__Bacteroidia;o__Bacteroidales;f__Marinifilaceae;g__Odoribacter	30d_vs_before	-0.1306913723587855	0.3272402759199996	0.3812180533913398	False	decreased
d__Bacteria;p__Bacillota;c__Negativicutes;o__Veillonellales-Selenomonadales;f__Veillonellaceae;g__Dialister	30d_vs_before	0.3086774000336835	0.3402159802690118	0.3922898547999831	False	increased
d__Bacteria;p__Actinomycetota;c__Coriobacteriia;o__Coriobacteriales;f__Coriobacteriales_Incertae_Sedis;g__Incertae_Sedis	30d_vs_before	0.1619021668368626	0.3492103473984311	0.3973087605384304	False	increased
d__Bacteria;p__Bacillota;c__Clostridia;o__Lachnospirales;f__Lachnospiraceae;g__[Eubacterium]_xylanophilum_group	30d_vs_before	0.1586310754922667	0.3516006730428588	0.3973087605384304	False	increased
d__Bacteria;p__Bacillota;c__Clostridia;o__Peptostreptococcales-Tissierellales;f__Anaerovoracaceae;__	30d_vs_before	0.1587199361405031	0.3800740271785771	0.4252313373384081	False	increased
d__Bacteria;p__Bacillota;c__Bacilli;o__Erysipelotrichales;f__Erysipelotrichaceae;g__Faecalitalea	30d_vs_before	-0.1330104044855982	0.5073039055372308	0.5600296150712057	False	decreased
d__Bacteria;p__Bacillota;c__Clostridia;o__Lachnospirales;f__Lachnospiraceae;g__Eisenbergiella	30d_vs_before	0.1286141179084371	0.5104694721445504	0.5600296150712057	False	increased
d__Bacteria;p__Actinomycetota;c__Coriobacteriia;o__Coriobacteriales;f__Coriobacteriales_Incertae_Sedis;g__Raoultibacter	30d_vs_before	0.0749579274600494	0.5411328994384615	0.587961708043713	False	increased
d__Bacteria;p__Bacillota;c__Clostridia;__;__;__	30d_vs_before	0.0901069787833066	0.5555091486933802	0.5953326324737972	False	increased
d__Bacteria;p__Bacillota;c__Clostridia;o__Lachnospirales;f__Lachnospiraceae;g__Hungatella	30d_vs_before	-0.1042853915397222	0.5588417075208919	0.5953326324737972	False	decreased
d__Bacteria;p__Bacteroidota;c__Bacteroidia;o__Bacteroidales;f__Marinifilaceae;g__Butyricimonas	30d_vs_before	-0.0822003957885752	0.5637220502185514	0.5953326324737972	False	decreased
d__Bacteria;p__Bacillota;c__Clostridia;o__Lachnospirales;f__Lachnospiraceae;g__CAG-56	30d_vs_before	0.0901709660824362	0.5891646527253122	0.6164407940551877	False	increased
d__Bacteria;p__Bacillota;c__Clostridia;o__Lachnospirales;f__Lachnospiraceae;g__Lactonifactor	30d_vs_before	-0.059385279588497	0.6222006536942799	0.6450337052059966	False	decreased
d__Bacteria;p__Bacillota;c__Clostridia;o__Lachnospirales;f__Lachnospiraceae;g__Marvinbryantia	30d_vs_before	-0.0598450837364014	0.7158891008778467	0.7354133490836062	False	decreased
d__Bacteria;p__Bacillota;c__Clostridia;o__Lachnospirales;f__Lachnospiraceae;g__[Eubacterium]_eligens_group	30d_vs_before	0.0434792261365132	0.8119883742003469	0.8266187953571099	False	increased
d__Bacteria;p__Bacillota;c__Clostridia;o__Lachnospirales;f__Lachnospiraceae;g__Lachnospiraceae_UCG-004	30d_vs_before	-0.027035790709728	0.8592701879702793	0.8669422432200139	False	decreased
d__Archaea;p__Methanobacteriota;c__Methanobacteria;o__Methanobacteriales;f__Methanobacteriaceae;g__Methanobrevibacter	30d_vs_before	0.0107658440679742	0.951241183632251	0.951241183632251	False	increased
