sample-id	forward-absolute-filepath	reverse-absolute-filepath
R001_before	/mnt/c/Users/ORippee/OneDrive - Kemin Industries/microbiome-fmt/data/raw/cohort/R001_before_R1.fastq.gz	/mnt/c/Users/ORippee/OneDrive - Kemin Industries/microbiome-fmt/data/raw/cohort/R001_before_R2.fastq.gz
R001_7d	/mnt/c/Users/ORippee/OneDrive - Kemin Industries/microbiome-fmt/data/raw/cohort/R001_7d_R1.fastq.gz	/mnt/c/Users/ORippee/OneDrive - Kemin Industries/microbiome-fmt/data/raw/cohort/R001_7d_R2.fastq.gz
R001_14d	/mnt/c/Users/ORippee/OneDrive - Kemin Industries/microbiome-fmt/data/raw/cohort/R001_14d_R1.fastq.gz	/mnt/c/Users/ORippee/OneDrive - Kemin Industries/microbiome-fmt/data/raw/cohort/R001_14d_R2.fastq.gz
R001_30d	/mnt/c/Users/ORippee/OneDrive - Kemin Industries/microbiome-fmt/data/raw/cohort/R001_30d_R1.fastq.gz	/mnt/c/Users/ORippee/OneDrive - Kemin Industries/microbiome-fmt/data/raw/cohort/R001_30d_R2.fastq.gz
R002_before	/mnt/c/Users/ORippee/OneDrive - Kemin Industries/microbiome-fmt/data/raw/cohort/R002_before_R1.fastq.gz	/mnt/c/Users/ORippee/OneDrive - Kemin Industries/microbiome-fmt/data/raw/cohort/R002_before_R2.fastq.gz
R002_7d	/mnt/c/Users/ORippee/OneDrive - Kemin Industries/microbiome-fmt/data/raw/cohort/R002_7d_R1.fastq.gz	/mnt/c/Users/ORippee/OneDrive - Kemin Industries/microbiome-fmt/data/raw/cohort/R002_7d_R2.fastq.gz
R002_14d	/mnt/c/Users/ORippee/OneDrive - Kemin Industries/microbiome-fmt/data/raw/cohort/R002_14d_R1.fastq.gz	/mnt/c/Users/ORippee/OneDrive - Kemin Industries/microbiome-fmt/data/raw/cohort/R002_14d_R2.fastq.gz
R002_30d	/mnt/c/Users/ORippee/OneDrive - Kemin Industries/microbiome-fmt/data/raw/cohort/R002_30d_R1.fastq.gz	/mnt/c/Users/ORippee/OneDrive - Kemin Industries/microbiome-fmt/data/raw/cohort/R002_30d_R2.fastq.gz
R003_before	/mnt/c/Users/ORippee/OneDrive - Kemin Industries/microbiome-fmt/data/raw/cohort/R003_before_R1.fastq.gz	/mnt/c/Users/ORippee/OneDrive - Kemin Industries/microbiome-fmt/data/raw/cohort/R003_before_R2.fastq.gz
R003_7d	/mnt/c/Users/ORippee/OneDrive - Kemin Industries/microbiome-fmt/data/raw/cohort/R003_7d_R1.fastq.gz	/mnt/c/Users/ORippee/OneDrive - Kemin Industries/microbiome-fmt/data/raw/cohort/R003_7d_R2.fastq.gz
R003_14d	/mnt/c/Users/ORippee/OneDrive - Kemin Industries/microbiome-fmt/data/raw/cohort/R003_14d_R1.fastq.gz	/mnt/c/Users/ORippee/OneDrive - Kemin Industries/microbiome-fmt/data/raw/cohort/R003_14d_R2.fastq.gz
R003_30d	/mnt/c/Users/ORippee/OneDrive - Kemin Industries/microbiome-fmt/data/raw/cohort/R003_30d_R1.fastq.gz	/mnt/c/Users/ORippee/OneDrive - Kemin Industries/microbiome-fmt/data/raw/cohort/R003_30d_R2.fastq.gz
R004_before	/mnt/c/Users/ORippee/OneDrive - Kemin Industries/microbiome-fmt/data/raw/cohort/R004_before_R1.fastq.gz	/mnt/c/Users/ORippee/OneDrive - Kemin Industries/microbiome-fmt/data/raw/cohort/R004_before_R2.fastq.gz
R004_7d	/mnt/c/Users/ORippee/OneDrive - Kemin Industries/microbiome-fmt/data/raw/cohort/R004_7d_R1.fastq.gz	/mnt/c/Users/ORippee/OneDrive - Kemin Industries/microbiome-fmt/data/raw/cohort/R004_7d_R2.fastq.gz
R004_14d	/mnt/c/Users/ORippee/OneDrive - Kemin Industries/microbiome-fmt/data/raw/cohort/R004_14d_R1.fastq.gz	/mnt/c/Users/ORippee/OneDrive - Kemin Industries/microbiome-fmt/data/raw/cohort/R004_14d_R2.fastq.gz
R004_30d	/mnt/c/Users/ORippee/OneDrive - Kemin Industries/microbiome-fmt/data/raw/cohort/R004_30d_R1.fastq.gz	/mnt/c/Users/ORippee/OneDrive - Kemin Industries/microbiome-fmt/data/raw/cohort/R004_30d_R2.fastq.gz
R005_before	/mnt/c/Users/ORippee/OneDrive - Kemin Industries/microbiome-fmt/data/raw/cohort/R005_before_R1.fastq.gz	/mnt/c/Users/ORippee/OneDrive - Kemin Industries/microbiome-fmt/data/raw/cohort/R005_before_R2.fastq.gz
R005_7d	/mnt/c/Users/ORippee/OneDrive - Kemin Industries/microbiome-fmt/data/raw/cohort/R005_7d_R1.fastq.gz	/mnt/c/Users/ORippee/OneDrive - Kemin Industries/microbiome-fmt/data/raw/cohort/R005_7d_R2.fastq.gz
R005_14d	/mnt/c/Users/ORippee/OneDrive - Kemin Industries/microbiome-fmt/data/raw/cohort/R005_14d_R1.fastq.gz	/mnt/c/Users/ORippee/OneDrive - Kemin Industries/microbiome-fmt/data/raw/cohort/R005_14d_R2.fastq.gz
R005_30d	/mnt/c/Users/ORippee/OneDrive - Kemin Industries/microbiome-fmt/data/raw/cohort/R005_30d_R1.fastq.gz	/mnt/c/Users/ORippee/OneDrive - Kemin Industries/microbiome-fmt/data/raw/cohort/R005_30d_R2.fastq.gz
R006_before	/mnt/c/Users/ORippee/OneDrive - Kemin Industries/microbiome-fmt/data/raw/cohort/R006_before_R1.fastq.gz	/mnt/c/Users/ORippee/OneDrive - Kemin Industries/microbiome-fmt/data/raw/cohort/R006_before_R2.fastq.gz
R006_7d	/mnt/c/Users/ORippee/OneDrive - Kemin Industries/microbiome-fmt/data/raw/cohort/R006_7d_R1.fastq.gz	/mnt/c/Users/ORippee/OneDrive - Kemin Industries/microbiome-fmt/data/raw/cohort/R006_7d_R2.fastq.gz
R006_14d	/mnt/c/Users/ORippee/OneDrive - Kemin Industries/microbiome-fmt/data/raw/cohort/R006_14d_R1.fastq.gz	/mnt/c/Users/ORippee/OneDrive - Kemin Industries/microbiome-fmt/data/raw/cohort/R006_14d_R2.fastq.gz
R006_30d	/mnt/c/Users/ORippee/OneDrive - Kemin Industries/microbiome-fmt/data/raw/cohort/R006_30d_R1.fastq.gz	/mnt/c/Users/ORippee/OneDrive - Kemin Industries/microbiome-fmt/data/raw/cohort/R006_30d_R2.fastq.gz
R008_before	/mnt/c/Users/ORippee/OneDrive - Kemin Industries/microbiome-fmt/data/raw/cohort/R008_before_R1.fastq.gz	/mnt/c/Users/ORippee/OneDrive - Kemin Industries/microbiome-fmt/data/raw/cohort/R008_before_R2.fastq.gz
R008_7d	/mnt/c/Users/ORippee/OneDrive - Kemin Industries/microbiome-fmt/data/raw/cohort/R008_7d_R1.fastq.gz	/mnt/c/Users/ORippee/OneDrive - Kemin Industries/microbiome-fmt/data/raw/cohort/R008_7d_R2.fastq.gz
R008_14d	/mnt/c/Users/ORippee/OneDrive - Kemin Industries/microbiome-fmt/data/raw/cohort/R008_14d_R1.fastq.gz	/mnt/c/Users/ORippee/OneDrive - Kemin Industries/microbiome-fmt/data/raw/cohort/R008_14d_R2.fastq.gz
R008_30d	/mnt/c/Users/ORippee/OneDrive - Kemin Industries/microbiome-fmt/data/raw/cohort/R008_30d_R1.fastq.gz	/mnt/c/Users/ORippee/OneDrive - Kemin Industries/microbiome-fmt/data/raw/cohort/R008_30d_R2.fastq.gz
R009_before	/mnt/c/Users/ORippee/OneDrive - Kemin Industries/microbiome-fmt/data/raw/cohort/R009_before_R1.fastq.gz	/mnt/c/Users/ORippee/OneDrive - Kemin Industries/microbiome-fmt/data/raw/cohort/R009_before_R2.fastq.gz
R009_7d	/mnt/c/Users/ORippee/OneDrive - Kemin Industries/microbiome-fmt/data/raw/cohort/R009_7d_R1.fastq.gz	/mnt/c/Users/ORippee/OneDrive - Kemin Industries/microbiome-fmt/data/raw/cohort/R009_7d_R2.fastq.gz
R009_14d	/mnt/c/Users/ORippee/OneDrive - Kemin Industries/microbiome-fmt/data/raw/cohort/R009_14d_R1.fastq.gz	/mnt/c/Users/ORippee/OneDrive - Kemin Industries/microbiome-fmt/data/raw/cohort/R009_14d_R2.fastq.gz
R009_30d	/mnt/c/Users/ORippee/OneDrive - Kemin Industries/microbiome-fmt/data/raw/cohort/R009_30d_R1.fastq.gz	/mnt/c/Users/ORippee/OneDrive - Kemin Industries/microbiome-fmt/data/raw/cohort/R009_30d_R2.fastq.gz
R010_before	/mnt/c/Users/ORippee/OneDrive - Kemin Industries/microbiome-fmt/data/raw/cohort/R010_before_R1.fastq.gz	/mnt/c/Users/ORippee/OneDrive - Kemin Industries/microbiome-fmt/data/raw/cohort/R010_before_R2.fastq.gz
R010_7d	/mnt/c/Users/ORippee/OneDrive - Kemin Industries/microbiome-fmt/data/raw/cohort/R010_7d_R1.fastq.gz	/mnt/c/Users/ORippee/OneDrive - Kemin Industries/microbiome-fmt/data/raw/cohort/R010_7d_R2.fastq.gz
R010_14d	/mnt/c/Users/ORippee/OneDrive - Kemin Industries/microbiome-fmt/data/raw/cohort/R010_14d_R1.fastq.gz	/mnt/c/Users/ORippee/OneDrive - Kemin Industries/microbiome-fmt/data/raw/cohort/R010_14d_R2.fastq.gz
R010_30d	/mnt/c/Users/ORippee/OneDrive - Kemin Industries/microbiome-fmt/data/raw/cohort/R010_30d_R1.fastq.gz	/mnt/c/Users/ORippee/OneDrive - Kemin Industries/microbiome-fmt/data/raw/cohort/R010_30d_R2.fastq.gz
R011_before	/mnt/c/Users/ORippee/OneDrive - Kemin Industries/microbiome-fmt/data/raw/cohort/R011_before_R1.fastq.gz	/mnt/c/Users/ORippee/OneDrive - Kemin Industries/microbiome-fmt/data/raw/cohort/R011_before_R2.fastq.gz
R011_7d	/mnt/c/Users/ORippee/OneDrive - Kemin Industries/microbiome-fmt/data/raw/cohort/R011_7d_R1.fastq.gz	/mnt/c/Users/ORippee/OneDrive - Kemin Industries/microbiome-fmt/data/raw/cohort/R011_7d_R2.fastq.gz
R011_14d	/mnt/c/Users/ORippee/OneDrive - Kemin Industries/microbiome-fmt/data/raw/cohort/R011_14d_R1.fastq.gz	/mnt/c/Users/ORippee/OneDrive - Kemin Industries/microbiome-fmt/data/raw/cohort/R011_14d_R2.fastq.gz
R011_30d	/mnt/c/Users/ORippee/OneDrive - Kemin Industries/microbiome-fmt/data/raw/cohort/R011_30d_R1.fastq.gz	/mnt/c/Users/ORippee/OneDrive - Kemin Industries/microbiome-fmt/data/raw/cohort/R011_30d_R2.fastq.gz
R012_before	/mnt/c/Users/ORippee/OneDrive - Kemin Industries/microbiome-fmt/data/raw/cohort/R012_before_R1.fastq.gz	/mnt/c/Users/ORippee/OneDrive - Kemin Industries/microbiome-fmt/data/raw/cohort/R012_before_R2.fastq.gz
R012_7d	/mnt/c/Users/ORippee/OneDrive - Kemin Industries/microbiome-fmt/data/raw/cohort/R012_7d_R1.fastq.gz	/mnt/c/Users/ORippee/OneDrive - Kemin Industries/microbiome-fmt/data/raw/cohort/R012_7d_R2.fastq.gz
R012_14d	/mnt/c/Users/ORippee/OneDrive - Kemin Industries/microbiome-fmt/data/raw/cohort/R012_14d_R1.fastq.gz	/mnt/c/Users/ORippee/OneDrive - Kemin Industries/microbiome-fmt/data/raw/cohort/R012_14d_R2.fastq.gz
R012_30d	/mnt/c/Users/ORippee/OneDrive - Kemin Industries/microbiome-fmt/data/raw/cohort/R012_30d_R1.fastq.gz	/mnt/c/Users/ORippee/OneDrive - Kemin Industries/microbiome-fmt/data/raw/cohort/R012_30d_R2.fastq.gz
R013_before	/mnt/c/Users/ORippee/OneDrive - Kemin Industries/microbiome-fmt/data/raw/cohort/R013_before_R1.fastq.gz	/mnt/c/Users/ORippee/OneDrive - Kemin Industries/microbiome-fmt/data/raw/cohort/R013_before_R2.fastq.gz
R013_7d	/mnt/c/Users/ORippee/OneDrive - Kemin Industries/microbiome-fmt/data/raw/cohort/R013_7d_R1.fastq.gz	/mnt/c/Users/ORippee/OneDrive - Kemin Industries/microbiome-fmt/data/raw/cohort/R013_7d_R2.fastq.gz
R013_14d	/mnt/c/Users/ORippee/OneDrive - Kemin Industries/microbiome-fmt/data/raw/cohort/R013_14d_R1.fastq.gz	/mnt/c/Users/ORippee/OneDrive - Kemin Industries/microbiome-fmt/data/raw/cohort/R013_14d_R2.fastq.gz
R013_30d	/mnt/c/Users/ORippee/OneDrive - Kemin Industries/microbiome-fmt/data/raw/cohort/R013_30d_R1.fastq.gz	/mnt/c/Users/ORippee/OneDrive - Kemin Industries/microbiome-fmt/data/raw/cohort/R013_30d_R2.fastq.gz
R014_before	/mnt/c/Users/ORippee/OneDrive - Kemin Industries/microbiome-fmt/data/raw/cohort/R014_before_R1.fastq.gz	/mnt/c/Users/ORippee/OneDrive - Kemin Industries/microbiome-fmt/data/raw/cohort/R014_before_R2.fastq.gz
R014_7d	/mnt/c/Users/ORippee/OneDrive - Kemin Industries/microbiome-fmt/data/raw/cohort/R014_7d_R1.fastq.gz	/mnt/c/Users/ORippee/OneDrive - Kemin Industries/microbiome-fmt/data/raw/cohort/R014_7d_R2.fastq.gz
R014_14d	/mnt/c/Users/ORippee/OneDrive - Kemin Industries/microbiome-fmt/data/raw/cohort/R014_14d_R1.fastq.gz	/mnt/c/Users/ORippee/OneDrive - Kemin Industries/microbiome-fmt/data/raw/cohort/R014_14d_R2.fastq.gz
R014_30d	/mnt/c/Users/ORippee/OneDrive - Kemin Industries/microbiome-fmt/data/raw/cohort/R014_30d_R1.fastq.gz	/mnt/c/Users/ORippee/OneDrive - Kemin Industries/microbiome-fmt/data/raw/cohort/R014_30d_R2.fastq.gz
R015_before	/mnt/c/Users/ORippee/OneDrive - Kemin Industries/microbiome-fmt/data/raw/cohort/R015_before_R1.fastq.gz	/mnt/c/Users/ORippee/OneDrive - Kemin Industries/microbiome-fmt/data/raw/cohort/R015_before_R2.fastq.gz
R015_7d	/mnt/c/Users/ORippee/OneDrive - Kemin Industries/microbiome-fmt/data/raw/cohort/R015_7d_R1.fastq.gz	/mnt/c/Users/ORippee/OneDrive - Kemin Industries/microbiome-fmt/data/raw/cohort/R015_7d_R2.fastq.gz
R015_14d	/mnt/c/Users/ORippee/OneDrive - Kemin Industries/microbiome-fmt/data/raw/cohort/R015_14d_R1.fastq.gz	/mnt/c/Users/ORippee/OneDrive - Kemin Industries/microbiome-fmt/data/raw/cohort/R015_14d_R2.fastq.gz
R015_30d	/mnt/c/Users/ORippee/OneDrive - Kemin Industries/microbiome-fmt/data/raw/cohort/R015_30d_R1.fastq.gz	/mnt/c/Users/ORippee/OneDrive - Kemin Industries/microbiome-fmt/data/raw/cohort/R015_30d_R2.fastq.gz
R016_before	/mnt/c/Users/ORippee/OneDrive - Kemin Industries/microbiome-fmt/data/raw/cohort/R016_before_R1.fastq.gz	/mnt/c/Users/ORippee/OneDrive - Kemin Industries/microbiome-fmt/data/raw/cohort/R016_before_R2.fastq.gz
R016_7d	/mnt/c/Users/ORippee/OneDrive - Kemin Industries/microbiome-fmt/data/raw/cohort/R016_7d_R1.fastq.gz	/mnt/c/Users/ORippee/OneDrive - Kemin Industries/microbiome-fmt/data/raw/cohort/R016_7d_R2.fastq.gz
R016_14d	/mnt/c/Users/ORippee/OneDrive - Kemin Industries/microbiome-fmt/data/raw/cohort/R016_14d_R1.fastq.gz	/mnt/c/Users/ORippee/OneDrive - Kemin Industries/microbiome-fmt/data/raw/cohort/R016_14d_R2.fastq.gz
R016_30d	/mnt/c/Users/ORippee/OneDrive - Kemin Industries/microbiome-fmt/data/raw/cohort/R016_30d_R1.fastq.gz	/mnt/c/Users/ORippee/OneDrive - Kemin Industries/microbiome-fmt/data/raw/cohort/R016_30d_R2.fastq.gz
R017_before	/mnt/c/Users/ORippee/OneDrive - Kemin Industries/microbiome-fmt/data/raw/cohort/R017_before_R1.fastq.gz	/mnt/c/Users/ORippee/OneDrive - Kemin Industries/microbiome-fmt/data/raw/cohort/R017_before_R2.fastq.gz
R017_7d	/mnt/c/Users/ORippee/OneDrive - Kemin Industries/microbiome-fmt/data/raw/cohort/R017_7d_R1.fastq.gz	/mnt/c/Users/ORippee/OneDrive - Kemin Industries/microbiome-fmt/data/raw/cohort/R017_7d_R2.fastq.gz
R017_14d	/mnt/c/Users/ORippee/OneDrive - Kemin Industries/microbiome-fmt/data/raw/cohort/R017_14d_R1.fastq.gz	/mnt/c/Users/ORippee/OneDrive - Kemin Industries/microbiome-fmt/data/raw/cohort/R017_14d_R2.fastq.gz
R017_30d	/mnt/c/Users/ORippee/OneDrive - Kemin Industries/microbiome-fmt/data/raw/cohort/R017_30d_R1.fastq.gz	/mnt/c/Users/ORippee/OneDrive - Kemin Industries/microbiome-fmt/data/raw/cohort/R017_30d_R2.fastq.gz
R018_before	/mnt/c/Users/ORippee/OneDrive - Kemin Industries/microbiome-fmt/data/raw/cohort/R018_before_R1.fastq.gz	/mnt/c/Users/ORippee/OneDrive - Kemin Industries/microbiome-fmt/data/raw/cohort/R018_before_R2.fastq.gz
R018_7d	/mnt/c/Users/ORippee/OneDrive - Kemin Industries/microbiome-fmt/data/raw/cohort/R018_7d_R1.fastq.gz	/mnt/c/Users/ORippee/OneDrive - Kemin Industries/microbiome-fmt/data/raw/cohort/R018_7d_R2.fastq.gz
R018_14d	/mnt/c/Users/ORippee/OneDrive - Kemin Industries/microbiome-fmt/data/raw/cohort/R018_14d_R1.fastq.gz	/mnt/c/Users/ORippee/OneDrive - Kemin Industries/microbiome-fmt/data/raw/cohort/R018_14d_R2.fastq.gz
R018_30d	/mnt/c/Users/ORippee/OneDrive - Kemin Industries/microbiome-fmt/data/raw/cohort/R018_30d_R1.fastq.gz	/mnt/c/Users/ORippee/OneDrive - Kemin Industries/microbiome-fmt/data/raw/cohort/R018_30d_R2.fastq.gz
R019_before	/mnt/c/Users/ORippee/OneDrive - Kemin Industries/microbiome-fmt/data/raw/cohort/R019_before_R1.fastq.gz	/mnt/c/Users/ORippee/OneDrive - Kemin Industries/microbiome-fmt/data/raw/cohort/R019_before_R2.fastq.gz
R019_7d	/mnt/c/Users/ORippee/OneDrive - Kemin Industries/microbiome-fmt/data/raw/cohort/R019_7d_R1.fastq.gz	/mnt/c/Users/ORippee/OneDrive - Kemin Industries/microbiome-fmt/data/raw/cohort/R019_7d_R2.fastq.gz
R019_14d	/mnt/c/Users/ORippee/OneDrive - Kemin Industries/microbiome-fmt/data/raw/cohort/R019_14d_R1.fastq.gz	/mnt/c/Users/ORippee/OneDrive - Kemin Industries/microbiome-fmt/data/raw/cohort/R019_14d_R2.fastq.gz
R019_30d	/mnt/c/Users/ORippee/OneDrive - Kemin Industries/microbiome-fmt/data/raw/cohort/R019_30d_R1.fastq.gz	/mnt/c/Users/ORippee/OneDrive - Kemin Industries/microbiome-fmt/data/raw/cohort/R019_30d_R2.fastq.gz
R020_before	/mnt/c/Users/ORippee/OneDrive - Kemin Industries/microbiome-fmt/data/raw/cohort/R020_before_R1.fastq.gz	/mnt/c/Users/ORippee/OneDrive - Kemin Industries/microbiome-fmt/data/raw/cohort/R020_before_R2.fastq.gz
R020_7d	/mnt/c/Users/ORippee/OneDrive - Kemin Industries/microbiome-fmt/data/raw/cohort/R020_7d_R1.fastq.gz	/mnt/c/Users/ORippee/OneDrive - Kemin Industries/microbiome-fmt/data/raw/cohort/R020_7d_R2.fastq.gz
R020_14d	/mnt/c/Users/ORippee/OneDrive - Kemin Industries/microbiome-fmt/data/raw/cohort/R020_14d_R1.fastq.gz	/mnt/c/Users/ORippee/OneDrive - Kemin Industries/microbiome-fmt/data/raw/cohort/R020_14d_R2.fastq.gz
R020_30d	/mnt/c/Users/ORippee/OneDrive - Kemin Industries/microbiome-fmt/data/raw/cohort/R020_30d_R1.fastq.gz	/mnt/c/Users/ORippee/OneDrive - Kemin Industries/microbiome-fmt/data/raw/cohort/R020_30d_R2.fastq.gz
R021_before	/mnt/c/Users/ORippee/OneDrive - Kemin Industries/microbiome-fmt/data/raw/cohort/R021_before_R1.fastq.gz	/mnt/c/Users/ORippee/OneDrive - Kemin Industries/microbiome-fmt/data/raw/cohort/R021_before_R2.fastq.gz
R021_7d	/mnt/c/Users/ORippee/OneDrive - Kemin Industries/microbiome-fmt/data/raw/cohort/R021_7d_R1.fastq.gz	/mnt/c/Users/ORippee/OneDrive - Kemin Industries/microbiome-fmt/data/raw/cohort/R021_7d_R2.fastq.gz
R021_14d	/mnt/c/Users/ORippee/OneDrive - Kemin Industries/microbiome-fmt/data/raw/cohort/R021_14d_R1.fastq.gz	/mnt/c/Users/ORippee/OneDrive - Kemin Industries/microbiome-fmt/data/raw/cohort/R021_14d_R2.fastq.gz
R021_30d	/mnt/c/Users/ORippee/OneDrive - Kemin Industries/microbiome-fmt/data/raw/cohort/R021_30d_R1.fastq.gz	/mnt/c/Users/ORippee/OneDrive - Kemin Industries/microbiome-fmt/data/raw/cohort/R021_30d_R2.fastq.gz
R022_before	/mnt/c/Users/ORippee/OneDrive - Kemin Industries/microbiome-fmt/data/raw/cohort/R022_before_R1.fastq.gz	/mnt/c/Users/ORippee/OneDrive - Kemin Industries/microbiome-fmt/data/raw/cohort/R022_before_R2.fastq.gz
R022_7d	/mnt/c/Users/ORippee/OneDrive - Kemin Industries/microbiome-fmt/data/raw/cohort/R022_7d_R1.fastq.gz	/mnt/c/Users/ORippee/OneDrive - Kemin Industries/microbiome-fmt/data/raw/cohort/R022_7d_R2.fastq.gz
R022_14d	/mnt/c/Users/ORippee/OneDrive - Kemin Industries/microbiome-fmt/data/raw/cohort/R022_14d_R1.fastq.gz	/mnt/c/Users/ORippee/OneDrive - Kemin Industries/microbiome-fmt/data/raw/cohort/R022_14d_R2.fastq.gz
R022_30d	/mnt/c/Users/ORippee/OneDrive - Kemin Industries/microbiome-fmt/data/raw/cohort/R022_30d_R1.fastq.gz	/mnt/c/Users/ORippee/OneDrive - Kemin Industries/microbiome-fmt/data/raw/cohort/R022_30d_R2.fastq.gz
R023_before	/mnt/c/Users/ORippee/OneDrive - Kemin Industries/microbiome-fmt/data/raw/cohort/R023_before_R1.fastq.gz	/mnt/c/Users/ORippee/OneDrive - Kemin Industries/microbiome-fmt/data/raw/cohort/R023_before_R2.fastq.gz
R023_7d	/mnt/c/Users/ORippee/OneDrive - Kemin Industries/microbiome-fmt/data/raw/cohort/R023_7d_R1.fastq.gz	/mnt/c/Users/ORippee/OneDrive - Kemin Industries/microbiome-fmt/data/raw/cohort/R023_7d_R2.fastq.gz
R023_14d	/mnt/c/Users/ORippee/OneDrive - Kemin Industries/microbiome-fmt/data/raw/cohort/R023_14d_R1.fastq.gz	/mnt/c/Users/ORippee/OneDrive - Kemin Industries/microbiome-fmt/data/raw/cohort/R023_14d_R2.fastq.gz
R023_30d	/mnt/c/Users/ORippee/OneDrive - Kemin Industries/microbiome-fmt/data/raw/cohort/R023_30d_R1.fastq.gz	/mnt/c/Users/ORippee/OneDrive - Kemin Industries/microbiome-fmt/data/raw/cohort/R023_30d_R2.fastq.gz
R024_before	/mnt/c/Users/ORippee/OneDrive - Kemin Industries/microbiome-fmt/data/raw/cohort/R024_before_R1.fastq.gz	/mnt/c/Users/ORippee/OneDrive - Kemin Industries/microbiome-fmt/data/raw/cohort/R024_before_R2.fastq.gz
R024_7d	/mnt/c/Users/ORippee/OneDrive - Kemin Industries/microbiome-fmt/data/raw/cohort/R024_7d_R1.fastq.gz	/mnt/c/Users/ORippee/OneDrive - Kemin Industries/microbiome-fmt/data/raw/cohort/R024_7d_R2.fastq.gz
R024_14d	/mnt/c/Users/ORippee/OneDrive - Kemin Industries/microbiome-fmt/data/raw/cohort/R024_14d_R1.fastq.gz	/mnt/c/Users/ORippee/OneDrive - Kemin Industries/microbiome-fmt/data/raw/cohort/R024_14d_R2.fastq.gz
R024_30d	/mnt/c/Users/ORippee/OneDrive - Kemin Industries/microbiome-fmt/data/raw/cohort/R024_30d_R1.fastq.gz	/mnt/c/Users/ORippee/OneDrive - Kemin Industries/microbiome-fmt/data/raw/cohort/R024_30d_R2.fastq.gz
R025_before	/mnt/c/Users/ORippee/OneDrive - Kemin Industries/microbiome-fmt/data/raw/cohort/R025_before_R1.fastq.gz	/mnt/c/Users/ORippee/OneDrive - Kemin Industries/microbiome-fmt/data/raw/cohort/R025_before_R2.fastq.gz
R025_7d	/mnt/c/Users/ORippee/OneDrive - Kemin Industries/microbiome-fmt/data/raw/cohort/R025_7d_R1.fastq.gz	/mnt/c/Users/ORippee/OneDrive - Kemin Industries/microbiome-fmt/data/raw/cohort/R025_7d_R2.fastq.gz
R025_14d	/mnt/c/Users/ORippee/OneDrive - Kemin Industries/microbiome-fmt/data/raw/cohort/R025_14d_R1.fastq.gz	/mnt/c/Users/ORippee/OneDrive - Kemin Industries/microbiome-fmt/data/raw/cohort/R025_14d_R2.fastq.gz
R025_30d	/mnt/c/Users/ORippee/OneDrive - Kemin Industries/microbiome-fmt/data/raw/cohort/R025_30d_R1.fastq.gz	/mnt/c/Users/ORippee/OneDrive - Kemin Industries/microbiome-fmt/data/raw/cohort/R025_30d_R2.fastq.gz
R026_before	/mnt/c/Users/ORippee/OneDrive - Kemin Industries/microbiome-fmt/data/raw/cohort/R026_before_R1.fastq.gz	/mnt/c/Users/ORippee/OneDrive - Kemin Industries/microbiome-fmt/data/raw/cohort/R026_before_R2.fastq.gz
R026_7d	/mnt/c/Users/ORippee/OneDrive - Kemin Industries/microbiome-fmt/data/raw/cohort/R026_7d_R1.fastq.gz	/mnt/c/Users/ORippee/OneDrive - Kemin Industries/microbiome-fmt/data/raw/cohort/R026_7d_R2.fastq.gz
R026_14d	/mnt/c/Users/ORippee/OneDrive - Kemin Industries/microbiome-fmt/data/raw/cohort/R026_14d_R1.fastq.gz	/mnt/c/Users/ORippee/OneDrive - Kemin Industries/microbiome-fmt/data/raw/cohort/R026_14d_R2.fastq.gz
R026_30d	/mnt/c/Users/ORippee/OneDrive - Kemin Industries/microbiome-fmt/data/raw/cohort/R026_30d_R1.fastq.gz	/mnt/c/Users/ORippee/OneDrive - Kemin Industries/microbiome-fmt/data/raw/cohort/R026_30d_R2.fastq.gz
R027_before	/mnt/c/Users/ORippee/OneDrive - Kemin Industries/microbiome-fmt/data/raw/cohort/R027_before_R1.fastq.gz	/mnt/c/Users/ORippee/OneDrive - Kemin Industries/microbiome-fmt/data/raw/cohort/R027_before_R2.fastq.gz
R027_7d	/mnt/c/Users/ORippee/OneDrive - Kemin Industries/microbiome-fmt/data/raw/cohort/R027_7d_R1.fastq.gz	/mnt/c/Users/ORippee/OneDrive - Kemin Industries/microbiome-fmt/data/raw/cohort/R027_7d_R2.fastq.gz
R027_14d	/mnt/c/Users/ORippee/OneDrive - Kemin Industries/microbiome-fmt/data/raw/cohort/R027_14d_R1.fastq.gz	/mnt/c/Users/ORippee/OneDrive - Kemin Industries/microbiome-fmt/data/raw/cohort/R027_14d_R2.fastq.gz
R027_30d	/mnt/c/Users/ORippee/OneDrive - Kemin Industries/microbiome-fmt/data/raw/cohort/R027_30d_R1.fastq.gz	/mnt/c/Users/ORippee/OneDrive - Kemin Industries/microbiome-fmt/data/raw/cohort/R027_30d_R2.fastq.gz
R028_before	/mnt/c/Users/ORippee/OneDrive - Kemin Industries/microbiome-fmt/data/raw/cohort/R028_before_R1.fastq.gz	/mnt/c/Users/ORippee/OneDrive - Kemin Industries/microbiome-fmt/data/raw/cohort/R028_before_R2.fastq.gz
R028_7d	/mnt/c/Users/ORippee/OneDrive - Kemin Industries/microbiome-fmt/data/raw/cohort/R028_7d_R1.fastq.gz	/mnt/c/Users/ORippee/OneDrive - Kemin Industries/microbiome-fmt/data/raw/cohort/R028_7d_R2.fastq.gz
R028_14d	/mnt/c/Users/ORippee/OneDrive - Kemin Industries/microbiome-fmt/data/raw/cohort/R028_14d_R1.fastq.gz	/mnt/c/Users/ORippee/OneDrive - Kemin Industries/microbiome-fmt/data/raw/cohort/R028_14d_R2.fastq.gz
R028_30d	/mnt/c/Users/ORippee/OneDrive - Kemin Industries/microbiome-fmt/data/raw/cohort/R028_30d_R1.fastq.gz	/mnt/c/Users/ORippee/OneDrive - Kemin Industries/microbiome-fmt/data/raw/cohort/R028_30d_R2.fastq.gz
R030_before	/mnt/c/Users/ORippee/OneDrive - Kemin Industries/microbiome-fmt/data/raw/cohort/R030_before_R1.fastq.gz	/mnt/c/Users/ORippee/OneDrive - Kemin Industries/microbiome-fmt/data/raw/cohort/R030_before_R2.fastq.gz
R030_7d	/mnt/c/Users/ORippee/OneDrive - Kemin Industries/microbiome-fmt/data/raw/cohort/R030_7d_R1.fastq.gz	/mnt/c/Users/ORippee/OneDrive - Kemin Industries/microbiome-fmt/data/raw/cohort/R030_7d_R2.fastq.gz
R030_14d	/mnt/c/Users/ORippee/OneDrive - Kemin Industries/microbiome-fmt/data/raw/cohort/R030_14d_R1.fastq.gz	/mnt/c/Users/ORippee/OneDrive - Kemin Industries/microbiome-fmt/data/raw/cohort/R030_14d_R2.fastq.gz
R030_30d	/mnt/c/Users/ORippee/OneDrive - Kemin Industries/microbiome-fmt/data/raw/cohort/R030_30d_R1.fastq.gz	/mnt/c/Users/ORippee/OneDrive - Kemin Industries/microbiome-fmt/data/raw/cohort/R030_30d_R2.fastq.gz
R032_before	/mnt/c/Users/ORippee/OneDrive - Kemin Industries/microbiome-fmt/data/raw/cohort/R032_before_R1.fastq.gz	/mnt/c/Users/ORippee/OneDrive - Kemin Industries/microbiome-fmt/data/raw/cohort/R032_before_R2.fastq.gz
R032_7d	/mnt/c/Users/ORippee/OneDrive - Kemin Industries/microbiome-fmt/data/raw/cohort/R032_7d_R1.fastq.gz	/mnt/c/Users/ORippee/OneDrive - Kemin Industries/microbiome-fmt/data/raw/cohort/R032_7d_R2.fastq.gz
R032_14d	/mnt/c/Users/ORippee/OneDrive - Kemin Industries/microbiome-fmt/data/raw/cohort/R032_14d_R1.fastq.gz	/mnt/c/Users/ORippee/OneDrive - Kemin Industries/microbiome-fmt/data/raw/cohort/R032_14d_R2.fastq.gz
R032_30d	/mnt/c/Users/ORippee/OneDrive - Kemin Industries/microbiome-fmt/data/raw/cohort/R032_30d_R1.fastq.gz	/mnt/c/Users/ORippee/OneDrive - Kemin Industries/microbiome-fmt/data/raw/cohort/R032_30d_R2.fastq.gz
R033_before	/mnt/c/Users/ORippee/OneDrive - Kemin Industries/microbiome-fmt/data/raw/cohort/R033_before_R1.fastq.gz	/mnt/c/Users/ORippee/OneDrive - Kemin Industries/microbiome-fmt/data/raw/cohort/R033_before_R2.fastq.gz
R033_7d	/mnt/c/Users/ORippee/OneDrive - Kemin Industries/microbiome-fmt/data/raw/cohort/R033_7d_R1.fastq.gz	/mnt/c/Users/ORippee/OneDrive - Kemin Industries/microbiome-fmt/data/raw/cohort/R033_7d_R2.fastq.gz
R033_14d	/mnt/c/Users/ORippee/OneDrive - Kemin Industries/microbiome-fmt/data/raw/cohort/R033_14d_R1.fastq.gz	/mnt/c/Users/ORippee/OneDrive - Kemin Industries/microbiome-fmt/data/raw/cohort/R033_14d_R2.fastq.gz
R033_30d	/mnt/c/Users/ORippee/OneDrive - Kemin Industries/microbiome-fmt/data/raw/cohort/R033_30d_R1.fastq.gz	/mnt/c/Users/ORippee/OneDrive - Kemin Industries/microbiome-fmt/data/raw/cohort/R033_30d_R2.fastq.gz
R034_before	/mnt/c/Users/ORippee/OneDrive - Kemin Industries/microbiome-fmt/data/raw/cohort/R034_before_R1.fastq.gz	/mnt/c/Users/ORippee/OneDrive - Kemin Industries/microbiome-fmt/data/raw/cohort/R034_before_R2.fastq.gz
R034_7d	/mnt/c/Users/ORippee/OneDrive - Kemin Industries/microbiome-fmt/data/raw/cohort/R034_7d_R1.fastq.gz	/mnt/c/Users/ORippee/OneDrive - Kemin Industries/microbiome-fmt/data/raw/cohort/R034_7d_R2.fastq.gz
R034_14d	/mnt/c/Users/ORippee/OneDrive - Kemin Industries/microbiome-fmt/data/raw/cohort/R034_14d_R1.fastq.gz	/mnt/c/Users/ORippee/OneDrive - Kemin Industries/microbiome-fmt/data/raw/cohort/R034_14d_R2.fastq.gz
R034_30d	/mnt/c/Users/ORippee/OneDrive - Kemin Industries/microbiome-fmt/data/raw/cohort/R034_30d_R1.fastq.gz	/mnt/c/Users/ORippee/OneDrive - Kemin Industries/microbiome-fmt/data/raw/cohort/R034_30d_R2.fastq.gz
R035_before	/mnt/c/Users/ORippee/OneDrive - Kemin Industries/microbiome-fmt/data/raw/cohort/R035_before_R1.fastq.gz	/mnt/c/Users/ORippee/OneDrive - Kemin Industries/microbiome-fmt/data/raw/cohort/R035_before_R2.fastq.gz
R035_7d	/mnt/c/Users/ORippee/OneDrive - Kemin Industries/microbiome-fmt/data/raw/cohort/R035_7d_R1.fastq.gz	/mnt/c/Users/ORippee/OneDrive - Kemin Industries/microbiome-fmt/data/raw/cohort/R035_7d_R2.fastq.gz
R035_14d	/mnt/c/Users/ORippee/OneDrive - Kemin Industries/microbiome-fmt/data/raw/cohort/R035_14d_R1.fastq.gz	/mnt/c/Users/ORippee/OneDrive - Kemin Industries/microbiome-fmt/data/raw/cohort/R035_14d_R2.fastq.gz
R035_30d	/mnt/c/Users/ORippee/OneDrive - Kemin Industries/microbiome-fmt/data/raw/cohort/R035_30d_R1.fastq.gz	/mnt/c/Users/ORippee/OneDrive - Kemin Industries/microbiome-fmt/data/raw/cohort/R035_30d_R2.fastq.gz
R036_before	/mnt/c/Users/ORippee/OneDrive - Kemin Industries/microbiome-fmt/data/raw/cohort/R036_before_R1.fastq.gz	/mnt/c/Users/ORippee/OneDrive - Kemin Industries/microbiome-fmt/data/raw/cohort/R036_before_R2.fastq.gz
R036_7d	/mnt/c/Users/ORippee/OneDrive - Kemin Industries/microbiome-fmt/data/raw/cohort/R036_7d_R1.fastq.gz	/mnt/c/Users/ORippee/OneDrive - Kemin Industries/microbiome-fmt/data/raw/cohort/R036_7d_R2.fastq.gz
R036_14d	/mnt/c/Users/ORippee/OneDrive - Kemin Industries/microbiome-fmt/data/raw/cohort/R036_14d_R1.fastq.gz	/mnt/c/Users/ORippee/OneDrive - Kemin Industries/microbiome-fmt/data/raw/cohort/R036_14d_R2.fastq.gz
R036_30d	/mnt/c/Users/ORippee/OneDrive - Kemin Industries/microbiome-fmt/data/raw/cohort/R036_30d_R1.fastq.gz	/mnt/c/Users/ORippee/OneDrive - Kemin Industries/microbiome-fmt/data/raw/cohort/R036_30d_R2.fastq.gz
R037_before	/mnt/c/Users/ORippee/OneDrive - Kemin Industries/microbiome-fmt/data/raw/cohort/R037_before_R1.fastq.gz	/mnt/c/Users/ORippee/OneDrive - Kemin Industries/microbiome-fmt/data/raw/cohort/R037_before_R2.fastq.gz
R037_7d	/mnt/c/Users/ORippee/OneDrive - Kemin Industries/microbiome-fmt/data/raw/cohort/R037_7d_R1.fastq.gz	/mnt/c/Users/ORippee/OneDrive - Kemin Industries/microbiome-fmt/data/raw/cohort/R037_7d_R2.fastq.gz
R037_14d	/mnt/c/Users/ORippee/OneDrive - Kemin Industries/microbiome-fmt/data/raw/cohort/R037_14d_R1.fastq.gz	/mnt/c/Users/ORippee/OneDrive - Kemin Industries/microbiome-fmt/data/raw/cohort/R037_14d_R2.fastq.gz
R037_30d	/mnt/c/Users/ORippee/OneDrive - Kemin Industries/microbiome-fmt/data/raw/cohort/R037_30d_R1.fastq.gz	/mnt/c/Users/ORippee/OneDrive - Kemin Industries/microbiome-fmt/data/raw/cohort/R037_30d_R2.fastq.gz
R038_before	/mnt/c/Users/ORippee/OneDrive - Kemin Industries/microbiome-fmt/data/raw/cohort/R038_before_R1.fastq.gz	/mnt/c/Users/ORippee/OneDrive - Kemin Industries/microbiome-fmt/data/raw/cohort/R038_before_R2.fastq.gz
R038_7d	/mnt/c/Users/ORippee/OneDrive - Kemin Industries/microbiome-fmt/data/raw/cohort/R038_7d_R1.fastq.gz	/mnt/c/Users/ORippee/OneDrive - Kemin Industries/microbiome-fmt/data/raw/cohort/R038_7d_R2.fastq.gz
R038_14d	/mnt/c/Users/ORippee/OneDrive - Kemin Industries/microbiome-fmt/data/raw/cohort/R038_14d_R1.fastq.gz	/mnt/c/Users/ORippee/OneDrive - Kemin Industries/microbiome-fmt/data/raw/cohort/R038_14d_R2.fastq.gz
R038_30d	/mnt/c/Users/ORippee/OneDrive - Kemin Industries/microbiome-fmt/data/raw/cohort/R038_30d_R1.fastq.gz	/mnt/c/Users/ORippee/OneDrive - Kemin Industries/microbiome-fmt/data/raw/cohort/R038_30d_R2.fastq.gz
R041_before	/mnt/c/Users/ORippee/OneDrive - Kemin Industries/microbiome-fmt/data/raw/cohort/R041_before_R1.fastq.gz	/mnt/c/Users/ORippee/OneDrive - Kemin Industries/microbiome-fmt/data/raw/cohort/R041_before_R2.fastq.gz
R041_7d	/mnt/c/Users/ORippee/OneDrive - Kemin Industries/microbiome-fmt/data/raw/cohort/R041_7d_R1.fastq.gz	/mnt/c/Users/ORippee/OneDrive - Kemin Industries/microbiome-fmt/data/raw/cohort/R041_7d_R2.fastq.gz
R041_14d	/mnt/c/Users/ORippee/OneDrive - Kemin Industries/microbiome-fmt/data/raw/cohort/R041_14d_R1.fastq.gz	/mnt/c/Users/ORippee/OneDrive - Kemin Industries/microbiome-fmt/data/raw/cohort/R041_14d_R2.fastq.gz
R041_30d	/mnt/c/Users/ORippee/OneDrive - Kemin Industries/microbiome-fmt/data/raw/cohort/R041_30d_R1.fastq.gz	/mnt/c/Users/ORippee/OneDrive - Kemin Industries/microbiome-fmt/data/raw/cohort/R041_30d_R2.fastq.gz
R042_before	/mnt/c/Users/ORippee/OneDrive - Kemin Industries/microbiome-fmt/data/raw/cohort/R042_before_R1.fastq.gz	/mnt/c/Users/ORippee/OneDrive - Kemin Industries/microbiome-fmt/data/raw/cohort/R042_before_R2.fastq.gz
R042_7d	/mnt/c/Users/ORippee/OneDrive - Kemin Industries/microbiome-fmt/data/raw/cohort/R042_7d_R1.fastq.gz	/mnt/c/Users/ORippee/OneDrive - Kemin Industries/microbiome-fmt/data/raw/cohort/R042_7d_R2.fastq.gz
R042_14d	/mnt/c/Users/ORippee/OneDrive - Kemin Industries/microbiome-fmt/data/raw/cohort/R042_14d_R1.fastq.gz	/mnt/c/Users/ORippee/OneDrive - Kemin Industries/microbiome-fmt/data/raw/cohort/R042_14d_R2.fastq.gz
R042_30d	/mnt/c/Users/ORippee/OneDrive - Kemin Industries/microbiome-fmt/data/raw/cohort/R042_30d_R1.fastq.gz	/mnt/c/Users/ORippee/OneDrive - Kemin Industries/microbiome-fmt/data/raw/cohort/R042_30d_R2.fastq.gz
R043_before	/mnt/c/Users/ORippee/OneDrive - Kemin Industries/microbiome-fmt/data/raw/cohort/R043_before_R1.fastq.gz	/mnt/c/Users/ORippee/OneDrive - Kemin Industries/microbiome-fmt/data/raw/cohort/R043_before_R2.fastq.gz
R043_7d	/mnt/c/Users/ORippee/OneDrive - Kemin Industries/microbiome-fmt/data/raw/cohort/R043_7d_R1.fastq.gz	/mnt/c/Users/ORippee/OneDrive - Kemin Industries/microbiome-fmt/data/raw/cohort/R043_7d_R2.fastq.gz
R043_14d	/mnt/c/Users/ORippee/OneDrive - Kemin Industries/microbiome-fmt/data/raw/cohort/R043_14d_R1.fastq.gz	/mnt/c/Users/ORippee/OneDrive - Kemin Industries/microbiome-fmt/data/raw/cohort/R043_14d_R2.fastq.gz
R043_30d	/mnt/c/Users/ORippee/OneDrive - Kemin Industries/microbiome-fmt/data/raw/cohort/R043_30d_R1.fastq.gz	/mnt/c/Users/ORippee/OneDrive - Kemin Industries/microbiome-fmt/data/raw/cohort/R043_30d_R2.fastq.gz
R044_before	/mnt/c/Users/ORippee/OneDrive - Kemin Industries/microbiome-fmt/data/raw/cohort/R044_before_R1.fastq.gz	/mnt/c/Users/ORippee/OneDrive - Kemin Industries/microbiome-fmt/data/raw/cohort/R044_before_R2.fastq.gz
R044_7d	/mnt/c/Users/ORippee/OneDrive - Kemin Industries/microbiome-fmt/data/raw/cohort/R044_7d_R1.fastq.gz	/mnt/c/Users/ORippee/OneDrive - Kemin Industries/microbiome-fmt/data/raw/cohort/R044_7d_R2.fastq.gz
R044_14d	/mnt/c/Users/ORippee/OneDrive - Kemin Industries/microbiome-fmt/data/raw/cohort/R044_14d_R1.fastq.gz	/mnt/c/Users/ORippee/OneDrive - Kemin Industries/microbiome-fmt/data/raw/cohort/R044_14d_R2.fastq.gz
R044_30d	/mnt/c/Users/ORippee/OneDrive - Kemin Industries/microbiome-fmt/data/raw/cohort/R044_30d_R1.fastq.gz	/mnt/c/Users/ORippee/OneDrive - Kemin Industries/microbiome-fmt/data/raw/cohort/R044_30d_R2.fastq.gz
R045_before	/mnt/c/Users/ORippee/OneDrive - Kemin Industries/microbiome-fmt/data/raw/cohort/R045_before_R1.fastq.gz	/mnt/c/Users/ORippee/OneDrive - Kemin Industries/microbiome-fmt/data/raw/cohort/R045_before_R2.fastq.gz
R045_7d	/mnt/c/Users/ORippee/OneDrive - Kemin Industries/microbiome-fmt/data/raw/cohort/R045_7d_R1.fastq.gz	/mnt/c/Users/ORippee/OneDrive - Kemin Industries/microbiome-fmt/data/raw/cohort/R045_7d_R2.fastq.gz
R045_14d	/mnt/c/Users/ORippee/OneDrive - Kemin Industries/microbiome-fmt/data/raw/cohort/R045_14d_R1.fastq.gz	/mnt/c/Users/ORippee/OneDrive - Kemin Industries/microbiome-fmt/data/raw/cohort/R045_14d_R2.fastq.gz
R045_30d	/mnt/c/Users/ORippee/OneDrive - Kemin Industries/microbiome-fmt/data/raw/cohort/R045_30d_R1.fastq.gz	/mnt/c/Users/ORippee/OneDrive - Kemin Industries/microbiome-fmt/data/raw/cohort/R045_30d_R2.fastq.gz
R047_before	/mnt/c/Users/ORippee/OneDrive - Kemin Industries/microbiome-fmt/data/raw/cohort/R047_before_R1.fastq.gz	/mnt/c/Users/ORippee/OneDrive - Kemin Industries/microbiome-fmt/data/raw/cohort/R047_before_R2.fastq.gz
R047_7d	/mnt/c/Users/ORippee/OneDrive - Kemin Industries/microbiome-fmt/data/raw/cohort/R047_7d_R1.fastq.gz	/mnt/c/Users/ORippee/OneDrive - Kemin Industries/microbiome-fmt/data/raw/cohort/R047_7d_R2.fastq.gz
R047_14d	/mnt/c/Users/ORippee/OneDrive - Kemin Industries/microbiome-fmt/data/raw/cohort/R047_14d_R1.fastq.gz	/mnt/c/Users/ORippee/OneDrive - Kemin Industries/microbiome-fmt/data/raw/cohort/R047_14d_R2.fastq.gz
R047_30d	/mnt/c/Users/ORippee/OneDrive - Kemin Industries/microbiome-fmt/data/raw/cohort/R047_30d_R1.fastq.gz	/mnt/c/Users/ORippee/OneDrive - Kemin Industries/microbiome-fmt/data/raw/cohort/R047_30d_R2.fastq.gz
R048_before	/mnt/c/Users/ORippee/OneDrive - Kemin Industries/microbiome-fmt/data/raw/cohort/R048_before_R1.fastq.gz	/mnt/c/Users/ORippee/OneDrive - Kemin Industries/microbiome-fmt/data/raw/cohort/R048_before_R2.fastq.gz
R048_7d	/mnt/c/Users/ORippee/OneDrive - Kemin Industries/microbiome-fmt/data/raw/cohort/R048_7d_R1.fastq.gz	/mnt/c/Users/ORippee/OneDrive - Kemin Industries/microbiome-fmt/data/raw/cohort/R048_7d_R2.fastq.gz
R048_14d	/mnt/c/Users/ORippee/OneDrive - Kemin Industries/microbiome-fmt/data/raw/cohort/R048_14d_R1.fastq.gz	/mnt/c/Users/ORippee/OneDrive - Kemin Industries/microbiome-fmt/data/raw/cohort/R048_14d_R2.fastq.gz
R048_30d	/mnt/c/Users/ORippee/OneDrive - Kemin Industries/microbiome-fmt/data/raw/cohort/R048_30d_R1.fastq.gz	/mnt/c/Users/ORippee/OneDrive - Kemin Industries/microbiome-fmt/data/raw/cohort/R048_30d_R2.fastq.gz
R051_before	/mnt/c/Users/ORippee/OneDrive - Kemin Industries/microbiome-fmt/data/raw/cohort/R051_before_R1.fastq.gz	/mnt/c/Users/ORippee/OneDrive - Kemin Industries/microbiome-fmt/data/raw/cohort/R051_before_R2.fastq.gz
R051_7d	/mnt/c/Users/ORippee/OneDrive - Kemin Industries/microbiome-fmt/data/raw/cohort/R051_7d_R1.fastq.gz	/mnt/c/Users/ORippee/OneDrive - Kemin Industries/microbiome-fmt/data/raw/cohort/R051_7d_R2.fastq.gz
R051_14d	/mnt/c/Users/ORippee/OneDrive - Kemin Industries/microbiome-fmt/data/raw/cohort/R051_14d_R1.fastq.gz	/mnt/c/Users/ORippee/OneDrive - Kemin Industries/microbiome-fmt/data/raw/cohort/R051_14d_R2.fastq.gz
R051_30d	/mnt/c/Users/ORippee/OneDrive - Kemin Industries/microbiome-fmt/data/raw/cohort/R051_30d_R1.fastq.gz	/mnt/c/Users/ORippee/OneDrive - Kemin Industries/microbiome-fmt/data/raw/cohort/R051_30d_R2.fastq.gz
R053_before	/mnt/c/Users/ORippee/OneDrive - Kemin Industries/microbiome-fmt/data/raw/cohort/R053_before_R1.fastq.gz	/mnt/c/Users/ORippee/OneDrive - Kemin Industries/microbiome-fmt/data/raw/cohort/R053_before_R2.fastq.gz
R053_7d	/mnt/c/Users/ORippee/OneDrive - Kemin Industries/microbiome-fmt/data/raw/cohort/R053_7d_R1.fastq.gz	/mnt/c/Users/ORippee/OneDrive - Kemin Industries/microbiome-fmt/data/raw/cohort/R053_7d_R2.fastq.gz
R053_14d	/mnt/c/Users/ORippee/OneDrive - Kemin Industries/microbiome-fmt/data/raw/cohort/R053_14d_R1.fastq.gz	/mnt/c/Users/ORippee/OneDrive - Kemin Industries/microbiome-fmt/data/raw/cohort/R053_14d_R2.fastq.gz
R053_30d	/mnt/c/Users/ORippee/OneDrive - Kemin Industries/microbiome-fmt/data/raw/cohort/R053_30d_R1.fastq.gz	/mnt/c/Users/ORippee/OneDrive - Kemin Industries/microbiome-fmt/data/raw/cohort/R053_30d_R2.fastq.gz
R054_before	/mnt/c/Users/ORippee/OneDrive - Kemin Industries/microbiome-fmt/data/raw/cohort/R054_before_R1.fastq.gz	/mnt/c/Users/ORippee/OneDrive - Kemin Industries/microbiome-fmt/data/raw/cohort/R054_before_R2.fastq.gz
R054_7d	/mnt/c/Users/ORippee/OneDrive - Kemin Industries/microbiome-fmt/data/raw/cohort/R054_7d_R1.fastq.gz	/mnt/c/Users/ORippee/OneDrive - Kemin Industries/microbiome-fmt/data/raw/cohort/R054_7d_R2.fastq.gz
R054_14d	/mnt/c/Users/ORippee/OneDrive - Kemin Industries/microbiome-fmt/data/raw/cohort/R054_14d_R1.fastq.gz	/mnt/c/Users/ORippee/OneDrive - Kemin Industries/microbiome-fmt/data/raw/cohort/R054_14d_R2.fastq.gz
R054_30d	/mnt/c/Users/ORippee/OneDrive - Kemin Industries/microbiome-fmt/data/raw/cohort/R054_30d_R1.fastq.gz	/mnt/c/Users/ORippee/OneDrive - Kemin Industries/microbiome-fmt/data/raw/cohort/R054_30d_R2.fastq.gz
R055_before	/mnt/c/Users/ORippee/OneDrive - Kemin Industries/microbiome-fmt/data/raw/cohort/R055_before_R1.fastq.gz	/mnt/c/Users/ORippee/OneDrive - Kemin Industries/microbiome-fmt/data/raw/cohort/R055_before_R2.fastq.gz
R055_7d	/mnt/c/Users/ORippee/OneDrive - Kemin Industries/microbiome-fmt/data/raw/cohort/R055_7d_R1.fastq.gz	/mnt/c/Users/ORippee/OneDrive - Kemin Industries/microbiome-fmt/data/raw/cohort/R055_7d_R2.fastq.gz
R055_14d	/mnt/c/Users/ORippee/OneDrive - Kemin Industries/microbiome-fmt/data/raw/cohort/R055_14d_R1.fastq.gz	/mnt/c/Users/ORippee/OneDrive - Kemin Industries/microbiome-fmt/data/raw/cohort/R055_14d_R2.fastq.gz
R055_30d	/mnt/c/Users/ORippee/OneDrive - Kemin Industries/microbiome-fmt/data/raw/cohort/R055_30d_R1.fastq.gz	/mnt/c/Users/ORippee/OneDrive - Kemin Industries/microbiome-fmt/data/raw/cohort/R055_30d_R2.fastq.gz
R056_before	/mnt/c/Users/ORippee/OneDrive - Kemin Industries/microbiome-fmt/data/raw/cohort/R056_before_R1.fastq.gz	/mnt/c/Users/ORippee/OneDrive - Kemin Industries/microbiome-fmt/data/raw/cohort/R056_before_R2.fastq.gz
R056_7d	/mnt/c/Users/ORippee/OneDrive - Kemin Industries/microbiome-fmt/data/raw/cohort/R056_7d_R1.fastq.gz	/mnt/c/Users/ORippee/OneDrive - Kemin Industries/microbiome-fmt/data/raw/cohort/R056_7d_R2.fastq.gz
R056_14d	/mnt/c/Users/ORippee/OneDrive - Kemin Industries/microbiome-fmt/data/raw/cohort/R056_14d_R1.fastq.gz	/mnt/c/Users/ORippee/OneDrive - Kemin Industries/microbiome-fmt/data/raw/cohort/R056_14d_R2.fastq.gz
R056_30d	/mnt/c/Users/ORippee/OneDrive - Kemin Industries/microbiome-fmt/data/raw/cohort/R056_30d_R1.fastq.gz	/mnt/c/Users/ORippee/OneDrive - Kemin Industries/microbiome-fmt/data/raw/cohort/R056_30d_R2.fastq.gz
R057_before	/mnt/c/Users/ORippee/OneDrive - Kemin Industries/microbiome-fmt/data/raw/cohort/R057_before_R1.fastq.gz	/mnt/c/Users/ORippee/OneDrive - Kemin Industries/microbiome-fmt/data/raw/cohort/R057_before_R2.fastq.gz
R057_7d	/mnt/c/Users/ORippee/OneDrive - Kemin Industries/microbiome-fmt/data/raw/cohort/R057_7d_R1.fastq.gz	/mnt/c/Users/ORippee/OneDrive - Kemin Industries/microbiome-fmt/data/raw/cohort/R057_7d_R2.fastq.gz
R057_14d	/mnt/c/Users/ORippee/OneDrive - Kemin Industries/microbiome-fmt/data/raw/cohort/R057_14d_R1.fastq.gz	/mnt/c/Users/ORippee/OneDrive - Kemin Industries/microbiome-fmt/data/raw/cohort/R057_14d_R2.fastq.gz
R057_30d	/mnt/c/Users/ORippee/OneDrive - Kemin Industries/microbiome-fmt/data/raw/cohort/R057_30d_R1.fastq.gz	/mnt/c/Users/ORippee/OneDrive - Kemin Industries/microbiome-fmt/data/raw/cohort/R057_30d_R2.fastq.gz
R058_before	/mnt/c/Users/ORippee/OneDrive - Kemin Industries/microbiome-fmt/data/raw/cohort/R058_before_R1.fastq.gz	/mnt/c/Users/ORippee/OneDrive - Kemin Industries/microbiome-fmt/data/raw/cohort/R058_before_R2.fastq.gz
R058_7d	/mnt/c/Users/ORippee/OneDrive - Kemin Industries/microbiome-fmt/data/raw/cohort/R058_7d_R1.fastq.gz	/mnt/c/Users/ORippee/OneDrive - Kemin Industries/microbiome-fmt/data/raw/cohort/R058_7d_R2.fastq.gz
R058_14d	/mnt/c/Users/ORippee/OneDrive - Kemin Industries/microbiome-fmt/data/raw/cohort/R058_14d_R1.fastq.gz	/mnt/c/Users/ORippee/OneDrive - Kemin Industries/microbiome-fmt/data/raw/cohort/R058_14d_R2.fastq.gz
R058_30d	/mnt/c/Users/ORippee/OneDrive - Kemin Industries/microbiome-fmt/data/raw/cohort/R058_30d_R1.fastq.gz	/mnt/c/Users/ORippee/OneDrive - Kemin Industries/microbiome-fmt/data/raw/cohort/R058_30d_R2.fastq.gz
R059_before	/mnt/c/Users/ORippee/OneDrive - Kemin Industries/microbiome-fmt/data/raw/cohort/R059_before_R1.fastq.gz	/mnt/c/Users/ORippee/OneDrive - Kemin Industries/microbiome-fmt/data/raw/cohort/R059_before_R2.fastq.gz
R059_7d	/mnt/c/Users/ORippee/OneDrive - Kemin Industries/microbiome-fmt/data/raw/cohort/R059_7d_R1.fastq.gz	/mnt/c/Users/ORippee/OneDrive - Kemin Industries/microbiome-fmt/data/raw/cohort/R059_7d_R2.fastq.gz
R059_14d	/mnt/c/Users/ORippee/OneDrive - Kemin Industries/microbiome-fmt/data/raw/cohort/R059_14d_R1.fastq.gz	/mnt/c/Users/ORippee/OneDrive - Kemin Industries/microbiome-fmt/data/raw/cohort/R059_14d_R2.fastq.gz
R059_30d	/mnt/c/Users/ORippee/OneDrive - Kemin Industries/microbiome-fmt/data/raw/cohort/R059_30d_R1.fastq.gz	/mnt/c/Users/ORippee/OneDrive - Kemin Industries/microbiome-fmt/data/raw/cohort/R059_30d_R2.fastq.gz
R062_before	/mnt/c/Users/ORippee/OneDrive - Kemin Industries/microbiome-fmt/data/raw/cohort/R062_before_R1.fastq.gz	/mnt/c/Users/ORippee/OneDrive - Kemin Industries/microbiome-fmt/data/raw/cohort/R062_before_R2.fastq.gz
R062_7d	/mnt/c/Users/ORippee/OneDrive - Kemin Industries/microbiome-fmt/data/raw/cohort/R062_7d_R1.fastq.gz	/mnt/c/Users/ORippee/OneDrive - Kemin Industries/microbiome-fmt/data/raw/cohort/R062_7d_R2.fastq.gz
R062_14d	/mnt/c/Users/ORippee/OneDrive - Kemin Industries/microbiome-fmt/data/raw/cohort/R062_14d_R1.fastq.gz	/mnt/c/Users/ORippee/OneDrive - Kemin Industries/microbiome-fmt/data/raw/cohort/R062_14d_R2.fastq.gz
R062_30d	/mnt/c/Users/ORippee/OneDrive - Kemin Industries/microbiome-fmt/data/raw/cohort/R062_30d_R1.fastq.gz	/mnt/c/Users/ORippee/OneDrive - Kemin Industries/microbiome-fmt/data/raw/cohort/R062_30d_R2.fastq.gz
R063_before	/mnt/c/Users/ORippee/OneDrive - Kemin Industries/microbiome-fmt/data/raw/cohort/R063_before_R1.fastq.gz	/mnt/c/Users/ORippee/OneDrive - Kemin Industries/microbiome-fmt/data/raw/cohort/R063_before_R2.fastq.gz
R063_7d	/mnt/c/Users/ORippee/OneDrive - Kemin Industries/microbiome-fmt/data/raw/cohort/R063_7d_R1.fastq.gz	/mnt/c/Users/ORippee/OneDrive - Kemin Industries/microbiome-fmt/data/raw/cohort/R063_7d_R2.fastq.gz
R063_14d	/mnt/c/Users/ORippee/OneDrive - Kemin Industries/microbiome-fmt/data/raw/cohort/R063_14d_R1.fastq.gz	/mnt/c/Users/ORippee/OneDrive - Kemin Industries/microbiome-fmt/data/raw/cohort/R063_14d_R2.fastq.gz
R063_30d	/mnt/c/Users/ORippee/OneDrive - Kemin Industries/microbiome-fmt/data/raw/cohort/R063_30d_R1.fastq.gz	/mnt/c/Users/ORippee/OneDrive - Kemin Industries/microbiome-fmt/data/raw/cohort/R063_30d_R2.fastq.gz
