Feature ID	Taxon	Confidence
fd44d4cb468fd7dc9b3227867714ed87	d__Bacteria;p__Bacteroidota;c__Bacteroidia;o__Bacteroidales;f__Bacteroidaceae;g__Bacteroides;s__	0.9999999992937205
b4d07c2a22af0c99c73cf9722200d878	d__Bacteria;p__Bacillota;c__Clostridia;o__Lachnospirales;f__Lachnospiraceae	0.9999992279184423
5a6c87d6a4eb5e114959f6192f29b641	d__Bacteria;p__Actinomycetota;c__Actinobacteria;o__Bifidobacteriales;f__Bifidobacteriaceae;g__Bifidobacterium;s__	0.9999992704171167
c6c3ab4e828fb40d6e05967b7aac9338	d__Bacteria;p__Bacillota;c__Clostridia;o__Lachnospirales;f__Lachnospiraceae;g__Blautia;s__	0.9823565980057026
1b8dec58597978264025b9eba656ffb5	d__Bacteria;p__Bacteroidota;c__Bacteroidia;o__Bacteroidales;f__Bacteroidaceae;g__Bacteroides;s__	0.999999997442373
333bbf9224442fc10cd497377d2b1d01	d__Bacteria;p__Bacteroidota;c__Bacteroidia;o__Bacteroidales;f__Bacteroidaceae;g__Bacteroides;s__	0.9999999847471345
9d88acce7b2f13b58bf95d2f17ec8c2f	d__Bacteria;p__Bacteroidota;c__Bacteroidia;o__Bacteroidales;f__Bacteroidaceae;g__Bacteroides;s__	0.9999963888853189
2c982937754e6321f861027032db80f7	d__Bacteria;p__Bacteroidota;c__Bacteroidia;o__Bacteroidales;f__Bacteroidaceae;g__Bacteroides;s__	0.9999999993627711
b15193fce14759d1c06728933e044af6	d__Bacteria;p__Bacteroidota;c__Bacteroidia;o__Bacteroidales;f__Bacteroidaceae;g__Bacteroides;s__	0.9999999677892509
f5f5e0da89730462abaf6301a9557193	d__Bacteria;p__Bacillota;c__Clostridia;o__Oscillospirales;f__Ruminococcaceae;g__Faecalibacterium;s__	0.9998988248212469
6616dc3bd6aeb3e26b9b2218290ea574	d__Bacteria;p__Bacteroidota;c__Bacteroidia;o__Bacteroidales;f__Bacteroidaceae;g__Bacteroides;s__	0.9999999984032826
35ffcc3b809d667286737d79670b8de5	d__Bacteria;p__Actinomycetota;c__Actinobacteria;o__Bifidobacteriales;f__Bifidobacteriaceae;g__Bifidobacterium;s__	0.9999962793504844
0a68ec564e278b0246c920ad7de41880	d__Bacteria;p__Bacillota;c__Clostridia;o__Lachnospirales;f__Lachnospiraceae;g__Blautia;s__	0.824085695835121
76b39e86c95e0c7dd8b9c57b974f6532	d__Bacteria;p__Bacteroidota;c__Bacteroidia;o__Bacteroidales;f__Bacteroidaceae;g__Bacteroides;s__	0.999999998865448
07b148ebe6cc2c05b1faa8d187c51114	d__Bacteria;p__Verrucomicrobiota;c__Verrucomicrobiia;o__Verrucomicrobiales;f__Akkermansiaceae;g__Akkermansia;s__	0.9999999999999574
243a590b7a6c17e5a16dff4bc7033ac1	d__Bacteria;p__Bacteroidota;c__Bacteroidia;o__Bacteroidales;f__Bacteroidaceae;g__Bacteroides;s__	0.9999993395344311
836cd5ea357ad392c00a7e48d921be1d	d__Bacteria;p__Bacteroidota;c__Bacteroidia;o__Bacteroidales;f__Bacteroidaceae;g__Bacteroides;s__	0.9999999998819646
33518e48b174ac428cb7be1a216c6c6e	d__Bacteria;p__Bacillota;c__Clostridia;o__Lachnospirales;f__Lachnospiraceae;g__Anaerostipes;s__	0.9999989573947977
d46e2205f0c6ecf67b51f83d111c509c	d__Bacteria;p__Pseudomonadota;c__Gammaproteobacteria;o__Enterobacterales;f__Enterobacteriaceae;g__Escherichia-Shigella;s__	0.9423855282191751
69a11f927915e2a3ba1f7b9c84486527	d__Bacteria;p__Pseudomonadota;c__Gammaproteobacteria;o__Burkholderiales;f__Sutterellaceae;g__Parasutterella;s__	0.9999738841545348
8d0960075b9fc8ec7a5ca93e13c36da4	d__Bacteria;p__Bacteroidota;c__Bacteroidia;o__Bacteroidales;f__Muribaculaceae;g__Incertae_Sedis;s__	0.9999589835152437
fbd67349783ebeacc69814257b694d56	d__Bacteria;p__Bacteroidota;c__Bacteroidia;o__Bacteroidales;f__Bacteroidaceae;g__Bacteroides;s__	0.9999999970177953
91587a85e342f8dba27f54e15ac0ea77	d__Bacteria;p__Bacillota;c__Clostridia;o__Lachnospirales;f__Lachnospiraceae;g__Tyzzerella;s__	0.9999990177554984
9639a3291729a3758207b47715d9205f	d__Bacteria;p__Bacillota;c__Clostridia;o__Oscillospirales;f__Ruminococcaceae;g__Gemmiger;s__	0.7411930114512771
547ed9d63f007845c48db64ef3e5aab6	d__Bacteria;p__Bacteroidota;c__Bacteroidia;o__Bacteroidales;f__Bacteroidaceae;g__Bacteroides;s__	0.9999861540438285
9db6065dfa5f306778c1a370f3267d73	d__Bacteria;p__Bacteroidota;c__Bacteroidia;o__Bacteroidales;f__Bacteroidaceae;g__Bacteroides;s__	0.9999998665683538
59777186ad2e0947e97615b5d6225136	d__Bacteria;p__Bacillota;c__Clostridia;o__Oscillospirales;f__Ruminococcaceae;g__Faecalibacterium;s__	0.999672668696106
332a6411ff00b4010ac2397f504c4695	d__Bacteria;p__Bacteroidota;c__Bacteroidia;o__Bacteroidales;f__Rikenellaceae;g__Alistipes;s__	0.9999999999985789
1569f7ae988e26c905ab8fab427c8a0d	d__Bacteria;p__Bacillota;c__Negativicutes;o__Acidaminococcales;f__Acidaminococcaceae;g__Phascolarctobacterium;s__	0.9999996575813714
8e175abe6a746b8f33bae9cd7c8192bb	d__Bacteria;p__Bacillota;c__Clostridia;o__Oscillospirales;f__Ruminococcaceae;g__Faecalibacterium;s__	0.999833773963722
9e3226efaf559eb14a478f880462cb8a	d__Bacteria;p__Bacillota;c__Clostridia;o__Lachnospirales;f__Lachnospiraceae;g__Mediterraneibacter;s__	0.9833362068543061
9ea77e95fbfd1a99c9c28db3b03a01a8	d__Bacteria;p__Bacteroidota;c__Bacteroidia;o__Bacteroidales;f__Barnesiellaceae;g__Barnesiella;s__	0.9999999995971791
ec6732c2e0d4cf64b3d0350e7fe3defb	d__Bacteria;p__Bacillota;c__Clostridia;o__Lachnospirales;f__Lachnospiraceae;g__Roseburia;s__	0.8999628653491453
506ee17cb5d882636086031fa2232f11	d__Bacteria;p__Bacteroidota;c__Bacteroidia;o__Bacteroidales;f__Muribaculaceae;g__Incertae_Sedis;s__	0.9999420038554102
f4cc6e4932f507b33d1335d801f54563	d__Bacteria;p__Bacillota;c__Clostridia;o__Lachnospirales;f__Lachnospiraceae;g__Dorea;s__	0.9453987912732128
2e4f2b53b856c4def6d021d01f5abb70	d__Bacteria;p__Bacillota;c__Clostridia;o__Lachnospirales;f__Lachnospiraceae;g__Dorea;s__	0.968209059358731
2de5ccd5d5d8484edf5b47be19c7687e	d__Bacteria;p__Bacillota;c__Clostridia;o__Lachnospirales;f__Lachnospiraceae;g__Blautia;s__	0.9813751184718703
a3159dc8d1f6695edfad0162b013cc67	d__Bacteria;p__Bacteroidota;c__Bacteroidia;o__Bacteroidales;f__Muribaculaceae;g__Incertae_Sedis;s__	0.9999607248687934
6acfe69f470ceebec0cce442b1190fa9	d__Bacteria;p__Bacillota;c__Clostridia;o__Oscillospirales;f__Ruminococcaceae;g__CAG-352;s__	0.9978826607451238
d76d59ec71de0e3b22da0c9cd564d41a	d__Bacteria;p__Bacillota;c__Clostridia;o__Lachnospirales;f__Lachnospiraceae;g__Fusicatenibacter;s__	0.9997223128643413
bd5ef8f372e09bcf6ec35825be4f053c	d__Bacteria;p__Bacillota;c__Clostridia;o__Lachnospirales;f__Lachnospiraceae;g__Coprococcus;s__	0.9707019625635369
4e2e6735331ad01a30c94d2f4c285dc2	d__Bacteria;p__Bacillota;c__Clostridia;o__Lachnospirales;f__Lachnospiraceae;g__CAG-56;s__	0.9993993814342524
d9eea834805833ac21a86fdabedd8556	d__Bacteria;p__Bacillota;c__Clostridia;o__Oscillospirales;f__Ruminococcaceae;g__Ruminococcus;s__	0.9970128387374385
bed671b4676144142cebd192b690f499	d__Bacteria;p__Bacillota;c__Clostridia;o__Lachnospirales;f__Lachnospiraceae;g__Blautia;s__	0.8212315887010493
fd496fd32dc8c08ade2e8b6c9d8ee13d	d__Bacteria;p__Bacillota;c__Bacilli;o__Lactobacillales;f__Streptococcaceae;g__Streptococcus;s__	0.9999933174332686
40874d61006874f7c87d904707d320d9	d__Bacteria;p__Bacillota;c__Clostridia;o__Clostridiales;f__Clostridiaceae;g__Clostridium;s__	0.9693241931935913
6420671c26eef32065e0275c8cd6701e	d__Bacteria;p__Bacillota;c__Clostridia;o__Peptostreptococcales-Tissierellales;f__Peptostreptococcaceae;g__Intestinibacter;s__	0.9912028708743883
e865f29a716e8d51f83931befa951240	d__Bacteria;p__Bacillota;c__Bacilli;o__Erysipelotrichales;f__Erysipelatoclostridiaceae;g__Erysipelotrichaceae_UCG-003;s__	0.9999961016273845
77c2dc197e6b3dbebc4ee240c6a1c559	d__Bacteria;p__Bacillota;c__Clostridia;o__Oscillospirales;f__Oscillospiraceae;g__Oscillibacter;s__	0.9999348951363128
99deb3c5ecb022ec05609ebd1112a557	d__Bacteria;p__Bacteroidota;c__Bacteroidia;o__Bacteroidales;f__Bacteroidaceae;g__Bacteroides;s__	0.9999999995779092
fa3d2114cfb8f1e6185bb490a3548733	d__Bacteria;p__Bacteroidota;c__Bacteroidia;o__Bacteroidales;f__Prevotellaceae;g__Paraprevotella;s__	0.999999985150197
27f098662c8f87b4aaff903d9c0f28d3	d__Bacteria;p__Thermodesulfobacteriota;c__Desulfovibrionia;o__Desulfovibrionales;f__Desulfovibrionaceae;g__Bilophila;s__	0.9999998847085219
569653b1659271a290facfcedd0de061	d__Bacteria;p__Bacillota;c__Bacilli;o__Lactobacillales	0.9999944091615935
d8e7f9181e4d5a4a6453e9ca9996a43f	d__Bacteria;p__Bacteroidota;c__Bacteroidia;o__Bacteroidales;f__Tannerellaceae;g__Parabacteroides;s__	0.9981107785215239
68d79c3035521e82b504b081a197d2ed	d__Bacteria;p__Bacillota;c__Clostridia;o__Oscillospirales;f__Oscillospiraceae;g__UCG-002;s__	0.9981786913345205
9282e20164736c7ada9bd98d04654b5e	d__Bacteria;p__Pseudomonadota;c__Gammaproteobacteria;o__Burkholderiales;f__Sutterellaceae;g__Sutterella;s__	0.9999541338964606
9e701e82d552ee66d9007fa3883b6560	d__Bacteria;p__Cyanobacteriota;c__Cyanobacteriia;o__Chloroplast;f__Incertae_Sedis;g__Incertae_Sedis;s__	0.9999999999683524
9d5054752ed33d6a22bd0f96b5618b1c	d__Bacteria;p__Bacteroidota;c__Bacteroidia;o__Bacteroidales;f__Bacteroidaceae;g__Bacteroides;s__	0.9999998713074033
1bc1f0e94c2e5c3f32e5b2746769efb4	d__Bacteria;p__Bacillota;c__Clostridia;o__Clostridia_UCG-014;f__Incertae_Sedis;g__Incertae_Sedis;s__	0.999999994937312
edf42f357f8934fc004c334c5c7b5e6e	d__Bacteria;p__Bacteroidota;c__Bacteroidia;o__Bacteroidales;f__Prevotellaceae;g__Paraprevotella;s__	0.9999999882139718
df16a09f3e448ddd3b1ec54066d3081d	d__Bacteria;p__Bacillota;c__Clostridia;o__Oscillospirales;f__Butyricicoccaceae;g__Agathobaculum;s__	0.9999660763794724
16d13ed513218adc8b205a10b716e08c	d__Bacteria;p__Cyanobacteriota;c__Cyanobacteriia;o__Chloroplast;f__Incertae_Sedis;g__Incertae_Sedis;s__	0.9999999999677982
5fbc483f79cd97d3a7253931f37c33e8	d__Bacteria;p__Bacillota;c__Clostridia;o__Oscillospirales;f__Oscillospiraceae;g__Flavonifractor;s__	0.9998032649981188
c67445ed68d61f49e41b7bdd1de019fb	d__Bacteria;p__Bacillota;c__Clostridia;o__Lachnospirales;f__Lachnospiraceae;g__Enterocloster;s__	0.9892633204548105
8538d07b8c1e8676f9b9c8c242aab14a	d__Bacteria;p__Bacillota;c__Clostridia;o__Oscillospirales;f__[Eubacterium]_coprostanoligenes_group;g__Incertae_Sedis;s__	0.9999370909242886
efa231614a5eb97a385a5cae7b440348	d__Bacteria;p__Bacteroidota;c__Bacteroidia;o__Bacteroidales;f__Rikenellaceae;g__Alistipes;s__	0.9996714842972889
a443e786f67086749ef29ce0ab494c9e	d__Bacteria;p__Bacillota;c__Bacilli;o__Lactobacillales	0.9999906694380737
35cbb315e019e0a8768d4b73862df415	d__Bacteria;p__Actinomycetota;c__Coriobacteriia;o__Coriobacteriales;f__Coriobacteriaceae;g__Collinsella;s__	0.999999998936218
eba6ad448ed6a1fcd744350655065065	d__Bacteria;p__Bacillota;c__Clostridia;o__Lachnospirales;f__Lachnospiraceae;g__Lachnospiraceae_NK4A136_group;s__	0.7006496197063388
8703e95fbf4d5c8fd088fb98382c5703	d__Bacteria;p__Pseudomonadota;c__Gammaproteobacteria;o__Burkholderiales;f__Sutterellaceae;g__Sutterella;s__	0.999267726349115
87c18e8ee3789954404f2c1a35079a09	d__Bacteria;p__Bacillota;c__Clostridia;o__Lachnospirales;f__Lachnospiraceae;g__Anaerobutyricum;s__	0.9999994916786945
3219af75ee8056ed06ba81e873b0d0cb	d__Bacteria;p__Bacillota;c__Clostridia;o__Oscillospirales;f__Oscillospiraceae;g__UCG-002;s__	0.9988506670342095
5c4fd1d0cbe7b43a93c2ed9286af0847	d__Bacteria;p__Bacillota;c__Clostridia;o__Oscillospirales;f__Oscillospiraceae;g__Flavonifractor;s__	0.9974496745200695
a891fb44241e433fa8acf251ef4d328f	d__Bacteria;p__Bacillota;c__Clostridia;o__Lachnospirales;f__Lachnospiraceae	0.9999992290211484
5cbba1ec821d0d64b7e66f992ea80a4e	d__Bacteria;p__Bacteroidota;c__Bacteroidia;o__Bacteroidales;f__Marinifilaceae;g__Odoribacter;s__	0.9999999999998153
c7e7cbf52b5ade57d3638adcf7cc379a	d__Bacteria;p__Bacillota;c__Clostridia;o__Lachnospirales;f__Lachnospiraceae;g__Anaerostipes;s__	0.9999988256273372
84f9cf6d08ccc7adb4e945c4fd8be494	d__Bacteria;p__Bacillota;c__Clostridia;o__Oscillospirales;f__Oscillospiraceae;g__UCG-002;s__	0.9999331710400877
1b92901eaf73176b86069084ac8c13e3	d__Bacteria;p__Bacillota;c__Clostridia;o__Lachnospirales;f__Lachnospiraceae;g__Lachnospiraceae_UCG-010;s__	0.9998798344503054
f50508546ae13143015f8c4cb976d0e4	d__Bacteria;p__Bacillota;c__Clostridia;o__Lachnospirales;f__Lachnospiraceae;g__[Eubacterium]_ruminantium_group;s__	0.9997214465084533
16adc68bae4d98a05d6a268956eddf7a	d__Bacteria;p__Bacteroidota;c__Bacteroidia;o__Bacteroidales;f__Bacteroidaceae;g__Bacteroides;s__	0.9999999990842809
00a96fbd0ac34bfd245f9c24f8737f7d	d__Bacteria;p__Bacillota;c__Clostridia;o__Lachnospirales;f__Lachnospiraceae	0.9999997047276064
e335f74033bc634af43ee6baa84fa247	d__Bacteria;p__Bacillota;c__Clostridia;o__Peptostreptococcales-Tissierellales;f__Peptostreptococcaceae;g__Romboutsia;s__	0.9960932178212412
69310a7cff9f6b902cdfd08243784ace	d__Bacteria;p__Bacillota;c__Clostridia;o__Lachnospirales;f__Lachnospiraceae	0.9999913852380864
119eea33cb9f505d6a20297d132e792a	d__Bacteria;p__Bacillota;c__Clostridia;o__Lachnospirales;f__Lachnospiraceae	0.9999985843158596
96040114b5274bdb987f28c63b6b6b87	d__Bacteria;p__Bacillota;c__Clostridia;o__Lachnospirales;f__Lachnospiraceae	0.999996568138033
43202fe954709a694e31c3a1be7e889b	d__Bacteria;p__Bacillota;c__Clostridia;o__Clostridia_UCG-014;f__Incertae_Sedis;g__Incertae_Sedis;s__	0.9999999516169151
da8644094f1d480f3b3a6a03a7027ab4	d__Bacteria;p__Bacillota;c__Clostridia;o__Lachnospirales;f__Lachnospiraceae;g__Hungatella;s__	0.9994185209879114
f479c23321346918723839e33a3544f4	d__Bacteria;p__Bacillota;c__Clostridia;o__Oscillospirales;f__Ruminococcaceae;g__Ruthenibacterium;s__	0.9999579741043267
61535a40adb8221483821e3984d0b1ac	d__Bacteria;p__Bacillota;c__Clostridia;o__Lachnospirales;f__Lachnospiraceae;g__[Ruminococcus]_gauvreauii_group;s__	0.9623595289168021
a730ef0685ea600be854be1842a6b362	d__Bacteria;p__Bacteroidota;c__Bacteroidia;o__Bacteroidales;f__Marinifilaceae;g__Odoribacter;s__	0.9999999999987352
edc9e5c16e40aff1eadce6597940f08f	d__Bacteria;p__Bacillota;c__Bacilli;o__Lactobacillales;f__Streptococcaceae;g__Streptococcus;s__	0.9998459824401149
8aaed79d6563ff7925c774e39b662a14	d__Bacteria;p__Bacillota;c__Clostridia;o__Lachnospirales;f__Lachnospiraceae;g__Marvinbryantia;s__	0.8646805540025241
b1f0b65b560701f74c4f43db4234d6c9	d__Bacteria;p__Bacillota;c__Clostridia;o__Oscillospirales;f__[Eubacterium]_coprostanoligenes_group;g__Incertae_Sedis;s__	0.9999907839652652
7ee3e4343242684ba3ce459672348ff7	d__Bacteria;p__Bacteroidota;c__Bacteroidia;o__Bacteroidales;f__Bacteroidaceae;g__Bacteroides;s__	0.9999999987314538
aae4c4ed528ae16ec417df816699cfdb	d__Bacteria;p__Bacillota;c__Clostridia;o__Oscillospirales;f__Oscillospiraceae;g__UCG-005;s__	0.999605251022726
b20abc2c16ea643f1fe7ceb2e5db9d45	d__Bacteria;p__Pseudomonadota;c__Gammaproteobacteria;o__Burkholderiales;f__Sutterellaceae;g__Sutterella;s__	0.9998449451895357
664667183a91ac47de4771fa5456a698	d__Bacteria;p__Bacillota;c__Clostridia;o__Lachnospirales;f__Lachnospiraceae;g__Mediterraneibacter;s__	0.7555884178849945
45c80843dac191f771b11018ff90d94c	d__Bacteria;p__Bacillota;c__Clostridia;o__Oscillospirales;f__Ruminococcaceae;g__Ruminococcus;s__	0.9999714843453014
d71feb1923fa288790187009e8efa6d3	d__Bacteria;p__Bacillota;c__Clostridia;o__Lachnospirales;f__Lachnospiraceae	0.9999990556910351
396ffa76286336a3eeb1ea420e60f86b	d__Bacteria;p__Bacillota;c__Clostridia;o__Lachnospirales;f__Lachnospiraceae;g__Butyribacter;s__	0.9122303481889772
8be9dac75adfd36649c004c8b72de91d	d__Bacteria;p__Bacteroidota;c__Bacteroidia;o__Bacteroidales;f__Bacteroidaceae;g__Bacteroides;s__	0.9999999927108831
596db8ce20ae5cbfdc338a62f1bed1d9	d__Bacteria;p__Bacillota;c__Clostridia;o__Oscillospirales;f__Ruminococcaceae;g__Acutalibacter;s__	0.9988896117513082
dd80e0a50520c9481217ccdf670781a6	d__Bacteria;p__Bacillota;c__Clostridia;o__Lachnospirales;f__Lachnospiraceae;g__Anaerobutyricum;s__	0.9999992170417978
1a9df3fbbc7fc8cecec4239cf801d2fc	d__Bacteria;p__Bacillota;c__Clostridia;o__Monoglobales;f__Monoglobaceae;g__Monoglobus;s__	0.9999975833341848
9192b3275c36e56540678451adfa601f	d__Bacteria;p__Bacillota;c__Clostridia;o__Oscillospirales;f__Oscillospiraceae;g__UCG-002;s__	0.9997533304213879
8795c5a86013864dc11f24b89e8cdd8c	d__Bacteria;p__Bacteroidota;c__Bacteroidia;o__Bacteroidales;f__Rikenellaceae;g__Alistipes;s__	0.9999999999852633
caea322863a57bb2b14c7317fa120dc4	d__Bacteria;p__Bacillota;c__Clostridia;o__Lachnospirales;f__Lachnospiraceae	0.9999984954162315
1473d0e067e22f5b3e209940fd4d0645	d__Bacteria;p__Bacteroidota;c__Bacteroidia;o__Bacteroidales;f__Marinifilaceae;g__Butyricimonas;s__	0.9999999999997158
f98dab4619ff896a9cee45a9b9ddc792	d__Bacteria;p__Bacillota;c__Clostridia;o__Oscillospirales;f__Oscillospiraceae;g__Intestinimonas;s__	0.968631207205614
263e41ea2c25dc87bd2ff5910cf30d40	d__Bacteria;p__Bacillota;c__Clostridia;o__Lachnospirales;f__Lachnospiraceae;g__Agathobacter;s__	0.9027552842877153
5f25904e073fe5c114cadfde74349518	d__Bacteria;p__Bacillota;c__Clostridia;o__Lachnospirales;f__Lachnospiraceae;g__Lachnospiraceae_UCG-004;s__	0.9886009280844512
794c48d1c110499dbd6338457f2ed417	d__Bacteria;p__Bacillota;c__Clostridia;o__Lachnospirales;f__Lachnospiraceae;g__Enterocloster;s__	0.9919938618006039
ad139328ba8ac39c2e5ccef543df2deb	d__Bacteria;p__Bacillota;c__Clostridia;o__Oscillospirales;f__Ruminococcaceae;g__Acutalibacter;s__	0.9999884030309114
54a2bfb0a96adc52c4ccca239ad01466	d__Bacteria;p__Bacillota;c__Clostridia;o__Oscillospirales;f__Ruminococcaceae;g__[Eubacterium]_siraeum_group;s__	0.9999972762398106
44396f15b10f6577d61a11c6047c939f	d__Archaea;p__Methanobacteriota;c__Methanobacteria;o__Methanobacteriales;f__Methanobacteriaceae;g__Methanobrevibacter;s__	0.9999999849685538
b1d8e09561b600103cc3d8b388c02478	d__Bacteria;p__Bacillota;c__Clostridia;o__Lachnospirales;f__Lachnospiraceae	0.9999977604805461
55beed6d1a19ce34788b66488ffe3917	d__Bacteria;p__Bacillota;c__Clostridia;o__Oscillospirales;f__Ruminococcaceae;g__Incertae_Sedis;s__	0.9933189345644644
360b8779251bfde96f1165e5202f83d6	d__Bacteria;p__Bacillota;c__Clostridia;o__Lachnospirales;f__Lachnospiraceae	0.9999997656835028
fee421dd182111e1d718ac10decab1e9	d__Bacteria;p__Bacteroidota;c__Bacteroidia;o__Bacteroidales;f__Rikenellaceae;g__Alistipes;s__	0.9998654810665556
e0cdaf99e96ca363991154bd1da46a59	d__Bacteria;p__Bacillota;c__Clostridia;o__Lachnospirales;f__Lachnospiraceae	0.9999965325001174
92aee485429cadafd7fcb3f531d5746f	d__Bacteria;p__Bacteroidota;c__Bacteroidia;o__Bacteroidales;f__Tannerellaceae;g__Parabacteroides;s__	0.99999777665593
3120660c883750285d85c12f7d898f67	d__Bacteria;p__Bacillota;c__Clostridia;o__Oscillospirales;f__Oscillospiraceae;g__Oscillibacter;s__	0.9999834742455388
923f521b9cf313f1f95c9367e09bbc1c	d__Bacteria;p__Bacillota;c__Negativicutes;o__Veillonellales-Selenomonadales;f__Veillonellaceae;g__Veillonella;s__	0.9999999967108266
0243b68c76049aa1b8c51a20333da950	d__Bacteria;p__Bacillota;c__Clostridia;o__Lachnospirales;f__Lachnospiraceae;g__Lachnospiraceae_ND3007_group;s__	0.9999977384442069
b621d4b3cca1ec89ceca12efca8a94fb	d__Bacteria;p__Bacillota;c__Clostridia;o__Christensenellales;f__Christensenellaceae;g__Christensenellaceae_R-7_group;s__	0.7431517777486742
ca72a089674006d2e9cade617df3d5d7	d__Bacteria;p__Actinomycetota;c__Coriobacteriia;o__Coriobacteriales;f__Eggerthellaceae;g__Gordonibacter;s__	0.999971373075385
69b90707f6f3da7941026fbe6a1597ce	d__Bacteria;p__Bacillota;c__Clostridia;o__Lachnospirales;f__Lachnospiraceae;g__Lachnospiraceae_FCS020_group;s__	0.9653730267161644
d611e03044e800bf023cfc92bec2106a	d__Bacteria;p__Bacteroidota;c__Bacteroidia;o__Bacteroidales;f__Marinifilaceae;g__Butyricimonas;s__	0.9999999999999005
629f41c0de31ba20f5d2b3f4c69e09c1	d__Bacteria;p__Actinomycetota;c__Coriobacteriia;o__Coriobacteriales;f__Eggerthellaceae;g__Eggerthella;s__	0.9999997799675342
756e9c33696716a5484135c832f18f12	d__Bacteria;p__Bacillota;c__Clostridia;o__Oscillospirales;f__Ruminococcaceae;g__Acutalibacter;s__	0.9999867517772494
23d6e67ff377b63cc8506920f662b5a5	d__Bacteria;p__Bacillota;c__Clostridia;o__Lachnospirales;f__Lachnospiraceae	0.9999177237932672
1e0296c7b89d1cd0d4d0bc8bf16822fc	d__Bacteria;p__Actinomycetota;c__Coriobacteriia;o__Coriobacteriales;f__Eggerthellaceae;g__Senegalimassilia;s__	0.9999868753160658
860794d17974c0af1d8e6db31030e4b2	d__Bacteria;p__Bacillota;c__Clostridia;o__Oscillospirales;f__Oscillospiraceae	0.9987968685584878
b452284fca181520c11d087351ff43df	d__Bacteria;p__Bacteroidota;c__Bacteroidia;o__Bacteroidales;f__Marinifilaceae;g__Butyricimonas;s__	0.9999999999999574
079fc0fefab05e2a40bba7c0afee5125	d__Bacteria;p__Bacillota;c__Clostridia;o__Oscillospirales;f__Ruminococcaceae;g__Subdoligranulum;s__	0.852002820771016
6f980c6f3f2ffefd2013c721461cc1c6	d__Bacteria;p__Bacillota;c__Bacilli;o__Erysipelotrichales;f__Erysipelotrichaceae;g__Holdemania;s__	0.9999980248045015
149465e40c1bdbc6230588a58a4d6eb0	d__Bacteria;p__Bacillota;c__Clostridia;o__Oscillospirales;f__Ruminococcaceae;g__Acutalibacter;s__	0.9912544911729358
3114d42cc9f862a2a18d7e5efde7fa9b	d__Bacteria;p__Actinomycetota;c__Coriobacteriia;o__Coriobacteriales;f__Eggerthellaceae;g__Slackia;s__	0.999999999994472
2c0c62ea09b2efe01bacdcbcf558d2b8	d__Bacteria;p__Bacillota;c__Clostridia;o__Lachnospirales;f__Lachnospiraceae;g__Enterocloster;s__	0.9976964487210624
648e27d07987fd8a8644c5195015c644	d__Bacteria;p__Bacillota;c__Clostridia;o__Oscillospirales;f__Butyricicoccaceae;g__Agathobaculum;s__	0.9999358860014842
8135beec331a8d558070c38b580e4b8e	d__Bacteria;p__Bacillota;c__Clostridia;o__Oscillospirales;f__Ruminococcaceae;g__CAG-352;s__	0.7161433918118617
b354a1e7a29c4f05aace7e65edc75c7f	d__Bacteria;p__Thermodesulfobacteriota;c__Desulfovibrionia;o__Desulfovibrionales;f__Desulfovibrionaceae;g__Desulfovibrio;s__	0.9998782206415494
a5a4b4d58bdd795871acf39629c9e584	d__Bacteria;p__Bacillota;c__Clostridia;o__Lachnospirales;f__Lachnospiraceae	0.9999618379395915
c48070f3061b086b60ff32f77e0002fa	d__Bacteria;p__Bacillota;c__Clostridia;o__Oscillospirales;f__Ruminococcaceae;g__Gemmiger;s__	0.947391399601248
a7db077ae09ab481473ac2445474128f	d__Bacteria;p__Bacillota;c__Clostridia;o__Oscillospirales;f__UCG-010;g__Incertae_Sedis;s__	0.9999946331551601
3c47d1756ee2bde5d0607744e6dbd522	d__Bacteria;p__Bacillota;c__Clostridia;o__Oscillospirales;f__Ruminococcaceae;g__Ruthenibacterium;s__	0.9999529722540005
c2214f5c48ce111caeeb8f928ca5b648	d__Bacteria;p__Bacillota;c__Clostridia;o__Peptostreptococcales-Tissierellales;f__Anaerovoracaceae;g__Family_XIII_AD3011_group;s__	0.954819614487444
f0015c3b64e80303ed3d858f0618bc43	d__Bacteria;p__Bacillota;c__Clostridia;o__Monoglobales;f__Monoglobaceae;g__Monoglobus;s__	0.9848734889627555
4f0c4427ac033405cae2b1941ad35fc6	d__Bacteria;p__Bacillota;c__Clostridia;o__Lachnospirales;f__Lachnospiraceae;g__Lachnospiraceae_UCG-004;s__	0.9897573683732641
0b58da331c7b4741e0a2928420d07366	d__Bacteria;p__Bacillota;c__Clostridia;o__Oscillospirales;f__Ruminococcaceae;g__Faecalibacterium;s__	0.9722160784043407
ae94aa5faaa29c5abe3821ae721ab961	d__Bacteria;p__Bacteroidota;c__Bacteroidia;o__Flavobacteriales	0.7564677756861959
81bd97f1008872d045eb6406728f2ab5	d__Bacteria;p__Bacteroidota;c__Bacteroidia;o__Bacteroidales;f__Bacteroidaceae;g__Bacteroides;s__	0.9999999796773837
2bd9309f2f97cae51d18d06ea1ca519a	d__Bacteria;p__Bacillota;c__Bacilli;o__Lactobacillales;f__Carnobacteriaceae;g__Granulicatella;s__	0.7265354965542027
8040083ef560188d094279f604df1949	d__Bacteria;p__Bacteroidota;c__Bacteroidia;o__Bacteroidales;f__Bacteroidaceae;g__Bacteroides;s__	0.9931130925978767
c7710d6f144476667c42e65e2ec71053	d__Bacteria;p__Actinomycetota;c__Coriobacteriia;o__Coriobacteriales;f__Eggerthellaceae;g__Incertae_Sedis;s__	0.9999999716982447
a01520ea3588cea2d8cab5c123e67c4c	d__Bacteria;p__Bacteroidota;c__Bacteroidia;o__Bacteroidales;f__Rikenellaceae;g__Rikenella;s__	0.9998847052575784
8c1beed5d3dafa3c0032d71dea2c1fb3	d__Bacteria;p__Bacteroidota;c__Bacteroidia;o__Bacteroidales;f__Bacteroidaceae;g__Bacteroides;s__	0.997604977792269
b8941d4f4b5468aca5300b56430b086a	d__Bacteria;p__Bacillota;c__Clostridia;o__Oscillospirales;f__Oscillospiraceae;g__UCG-002;s__	0.9755874489060479
9ef8069a044c54905b98dbec1db5fb5e	d__Bacteria;p__Verrucomicrobiota;c__Verrucomicrobiia;o__Verrucomicrobiales;f__Akkermansiaceae;g__Akkermansia;s__	0.9997731944666582
e2cfe099d4a73a03ac5f80d4f8369dbc	d__Bacteria;p__Bacillota;c__Clostridia;o__Oscillospirales;f__Oscillospiraceae;g__NK4A214_group;s__	0.9984368713455155
ebae13dd5cd55be6f118516557814a79	d__Bacteria;p__Bacillota;c__Clostridia;o__Lachnospirales;f__Lachnospiraceae;g__Lachnospiraceae_UCG-004;s__	0.7797355821921995
8c87203401ed62bc1289e1fb2b27996d	d__Bacteria;p__Bacillota;c__Clostridia;o__Lachnospirales;f__Lachnospiraceae	0.9993310398376835
6668dc0842a4bb869ddd414a0114fd18	d__Bacteria;p__Bacillota;c__Clostridia;o__Oscillospirales;f__Ruminococcaceae;g__Subdoligranulum;s__	0.8873256738921075
097dcdc3c91b5b334c58a38beddfe215	d__Bacteria;p__Pseudomonadota;c__Alphaproteobacteria;o__Rickettsiales;f__Mitochondria;g__Incertae_Sedis;s__	1.0
7fea87c380cdf2c7227e3e9781a3e740	d__Bacteria;p__Bacteroidota;c__Bacteroidia;o__Bacteroidales;f__Marinifilaceae;g__Butyricimonas;s__	0.9999993972405545
9f93db82dc13b078cddf4fe8b0e6a410	d__Bacteria;p__Bacillota;c__Clostridia;o__Oscillospirales;f__Ruminococcaceae;g__Incertae_Sedis;s__	0.8922305072653344
